id_registro,data_coleta,maquina,turno,produto,velocidade_esteira_m_min,vibracao_motor_mm_s,umidade_ambiente_pct,consumo_energia_kwh,tempo_ciclo_s,taxa_defeitos_pct,temperatura_forno_c,pressao_linha_bar
1,2026-01-01 00:00:00,M3,Noite,Peça A,33.08,3.25,63.71,87.24,39.42,8.4,175.2,6.412112687709428
2,2026-01-01 01:00:00,M2,Manhã,Peça B,32.14,2.43,76.76,82.46,44.93,8.12,166.8,6.29490202567603
5,2026-01-01 04:00:00,M1,Manhã,Peça A,35.4,2.49,55.63,87.86,44.99,5.84,176.88888888888889,5.38
6,2026-01-01 05:00:00,M3,Manhã,Peça A,29.18,4.03,62.25,86.36,41.65,7.16,186.9,5.55
7,2026-01-01 06:00:00,M1,Noite,Peça A,32.6,2.79,40.17,85.94,46.04,6.39,187.5,6.3
8,2026-01-01 07:00:00,M3,Noite,Peça B,33.32,3.12,68.21,85.73,40.78,4.98,180.6,6.03
9,2026-01-01 08:00:00,M1,Noite,Peça C,26.57,2.9,62.08,86.34,42.175,8.47,168.3,6.05
10,2026-01-01 09:00:00,M2,Manhã,Peça A,33.41,3.78,54.65,95.54,42.175,6.59,183.6,5.495111625918725
11,2026-01-01 10:00:00,M1,Tarde,Peça B,38.82,3.6,60.81,95.76,46.07,5.34,179.6,6.35
12,2026-01-01 11:00:00,M3,Tarde,Peça A,33.92,3.12,54.43,88.97,38.93,7.08,183.0,5.45
13,2026-01-01 12:00:00,M2,Tarde,Peça A,36.42,3.76,54.43,91.02,43.4,6.39,185.38888888888889,6.52
14,2026-01-01 13:00:00,M3,Tarde,Peça A,32.55,3.04,50.83,85.05,41.71,5.83,175.7,7.29
15,2026-01-01 14:00:00,M2,Manhã,Peça A,31.78,4.34,38.33,95.51,37.79,8.58,190.5,6.16
16,2026-01-01 15:00:00,M1,Manhã,Peça B,33.14,2.06,62.76,86.72,39.56,6.18,174.2,6.26
17,2026-01-01 16:00:00,M2,Tarde,Peça C,29.55,4.01,65.72,96.23,47.53,6.46,184.2,5.78
18,2026-01-01 17:00:00,M1,Manhã,Peça A,29.11,2.37,48.69,89.69,42.81,7.35,170.6,5.19
19,2026-01-01 18:00:00,M3,Manhã,Peça A,35.8,4.86,58.13,83.44,37.96,6.85,179.6,5.73
20,2026-01-01 19:00:00,M1,Noite,Peça A,36.12,3.53,52.61,90.64,43.22,6.78,179.6,5.51
21,2026-01-01 20:00:00,M3,Noite,Peça C,29.03,2.89,57.95,84.97,41.42,3.88,180.2,5.35
22,2026-01-01 21:00:00,M1,Tarde,Peça B,34.9,2.46,49.35,94.6,55.82,5.2,183.2,6.78
23,2026-01-01 22:00:00,M3,Noite,Peça A,31.74,4.06,47.05,89.17,43.14,7.05,182.7,6.12
24,2026-01-01 23:00:00,M3,Noite,Peça B,33.02,4.23,64.47,97.84,40.48,5.92,181.0,6.17
26,2026-01-02 01:00:00,M1,Tarde,Peça C,34.98,2.83,73.2,88.13,34.64,7.04,177.83333333333334,5.92
27,2026-01-02 02:00:00,M2,Tarde,Peça A,32.25,3.64,55.42,89.01,42.38,9.14,171.6,6.43
28,2026-01-02 03:00:00,M1,Manhã,Peça B,36.23,2.89,46.67,92.1,49.98,7.04,175.0,5.99
29,2026-01-02 04:00:00,M1,Noite,Peça A,32.93,1.96,66.04,89.61,41.54,7.11,181.77777777777777,6.24
30,2026-01-02 05:00:00,M2,Tarde,Peça A,33.87,2.62,60.68,84.82,35.07,4.98,182.5,5.91
31,2026-01-02 06:00:00,M2,Tarde,Peça C,29.5,3.3,61.54,85.73,40.42,4.92,172.7,5.85
32,2026-01-02 07:00:00,M3,Manhã,Peça B,38.48,4.34,65.72,94.69,47.82,6.74,177.88888888888889,5.364111474234338
33,2026-01-02 08:00:00,M1,Manhã,Peça A,33.41,3.85,49.12,89.96,42.175,7.53,176.1,5.11
34,2026-01-02 09:00:00,M1,Noite,Peça C,34.14,3.31,53.85,89.81,38.64,6.32,177.2,5.88
35,2026-01-02 10:00:00,M2,Manhã,Peça C,27.18,3.34,53.46,88.33,39.26,6.39,173.61111111111111,6.03
36,2026-01-02 11:00:00,M1,Manhã,Peça A,29.53,3.29,43.38,88.68,39.76,7.69,175.9,5.42
39,2026-01-02 14:00:00,M1,Tarde,Peça B,26.26,2.26,57.14,85.8,46.21,4.94,179.6,5.03
40,2026-01-02 15:00:00,M2,Tarde,Peça A,35.11,2.34,42.89,90.0,43.82,3.56,179.8,5.59
41,2026-01-02 16:00:00,M2,Manhã,Peça A,30.37,3.37,41.0,86.65,36.67,7.16,178.5,6.18
42,2026-01-02 17:00:00,M3,Manhã,Peça C,36.23,3.67,69.98,88.13,42.175,6.77,182.22222222222223,6.17
43,2026-01-02 18:00:00,M2,Noite,Peça C,31.74,3.12,54.19,85.58,44.13,6.07,176.4,5.48
44,2026-01-02 19:00:00,M1,Tarde,Peça C,32.61,3.15,49.17,82.38,36.62,6.3,173.27777777777777,6.074270191260221
45,2026-01-02 20:00:00,M3,Tarde,Peça C,35.54,3.71,52.53,84.5,41.1,5.86,176.8,6.46
46,2026-01-02 21:00:00,M3,Tarde,Peça B,29.31,3.91,41.7,86.58,42.175,5.29,178.3,6.350059984279981
47,2026-01-02 22:00:00,M1,Noite,Peça B,29.02,2.77,67.81,79.97,37.45,5.86,173.2,5.96
48,2026-01-02 23:00:00,M1,Manhã,Peça B,31.41,3.07,51.46,84.04,37.9,3.79,179.8,5.791585653414967
49,2026-01-03 00:00:00,M2,Manhã,Peça B,34.48,2.68,67.31,89.38,41.62,6.23,184.1,5.72
50,2026-01-03 01:00:00,M1,Tarde,Peça B,28.01,3.04,55.46,81.41,44.01,6.96,171.1,6.21
51,2026-01-03 02:00:00,M1,Manhã,Peça A,27.0,3.23,67.87,88.34,46.25,7.09,179.1,6.09
52,2026-01-03 03:00:00,M1,Noite,Peça B,34.47,2.36,57.31,92.36,44.43,5.71,177.88888888888889,6.28
53,2026-01-03 04:00:00,M3,Tarde,Peça A,30.19,3.58,62.68,86.78,42.29,6.94,183.2,6.03
54,2026-01-03 05:00:00,M2,Noite,Peça A,30.82,2.74,61.47,85.89,39.02,4.62,180.4,6.37
55,2026-01-03 06:00:00,M2,Noite,Peça B,26.43,2.81,60.61,84.79,37.72,6.85,179.6,6.04
57,2026-01-03 08:00:00,M2,Noite,Peça A,31.98,3.97,52.9,86.86,43.64,6.78,180.66666666666666,6.39
58,2026-01-03 09:00:00,M2,Tarde,Peça C,34.79,3.84,72.24,95.12,43.35,7.68,185.6,5.64
60,2026-01-03 11:00:00,M1,Manhã,Peça A,36.97,4.08,55.04,92.09,38.86,6.22,180.7,6.694797225554682
61,2026-01-03 12:00:00,M1,Tarde,Peça A,29.95,3.03,55.13,93.09,46.82,7.7,186.4,6.115638660213186
62,2026-01-03 13:00:00,M2,Tarde,Peça A,29.95,5.12,58.62,81.69,42.32,6.66,179.7,6.03
63,2026-01-03 14:00:00,M2,Manhã,Peça B,36.61,3.0,51.13,93.92,36.33,4.23,183.3,5.68
64,2026-01-03 15:00:00,M3,Manhã,Peça C,32.63,3.72,54.43,92.52,51.42,6.62,179.6,6.35
65,2026-01-03 16:00:00,M2,Noite,Peça A,30.34,2.89,53.48,90.75,41.88,5.91,179.9,5.87
66,2026-01-03 17:00:00,M2,Manhã,Peça A,31.53,3.39,40.76,88.47,43.54,7.68,172.38888888888889,5.77
67,2026-01-03 18:00:00,M2,Manhã,Peça A,36.06,3.69,55.09,89.01,43.6,8.99,168.77777777777777,6.63
68,2026-01-03 19:00:00,M1,Manhã,Peça A,36.4,3.12,45.09,90.28,40.53,5.52,183.72222222222223,5.53
69,2026-01-03 20:00:00,M1,Manhã,Peça C,29.55,3.95,39.39,86.42,39.09,6.29,174.1,6.03
70,2026-01-03 21:00:00,M2,Manhã,Peça A,31.87,3.12,56.23,89.79,50.49,6.52,178.2,6.094954425736704
71,2026-01-03 22:00:00,M1,Noite,Peça A,32.27,2.98,59.39,90.96,46.01,7.78,172.05555555555554,6.177691363642631
72,2026-01-03 23:00:00,M2,Tarde,Peça A,29.04,2.56,59.74,82.04,45.29,6.16,173.5,6.22
73,2026-01-04 00:00:00,M3,Manhã,Peça B,31.83,3.82,60.1,87.71,44.31,7.25,180.6,6.41
74,2026-01-04 01:00:00,M1,Tarde,Peça C,32.02,2.71,37.61,92.61,37.99,4.92,175.33333333333334,6.09
75,2026-01-04 02:00:00,M1,Manhã,Peça C,35.42,2.4,42.75,90.14,47.11,4.19,180.9,6.22
77,2026-01-04 04:00:00,M1,Tarde,Peça A,31.01,4.54,45.58,85.92,43.13,7.13,180.6,6.026006977481764
78,2026-01-04 05:00:00,M2,Tarde,Peça B,31.36,2.98,60.5,87.66,35.44,5.46,181.7,6.05
79,2026-01-04 06:00:00,M2,Noite,Peça A,33.99,2.2,48.82,86.62,33.84,6.95,188.4,6.1
80,2026-01-04 07:00:00,M3,Tarde,Peça C,30.24,3.12,55.72,86.78,43.27,6.47,176.2,6.03
81,2026-01-04 08:00:00,M2,Tarde,Peça B,33.77,3.12,49.3,91.1,38.76,2.52,180.2,6.25
82,2026-01-04 09:00:00,M2,Noite,Peça A,31.74,3.51,60.05,85.22,34.04,6.39,186.2,6.03
83,2026-01-04 10:00:00,M3,Noite,Peça C,29.09,3.91,56.23,91.73,44.16,7.91,187.8,5.64
84,2026-01-04 11:00:00,M1,Noite,Peça A,29.13,3.24,50.97,90.55,50.48,7.01,171.9,6.03
85,2026-01-04 12:00:00,M1,Noite,Peça A,36.34,2.38,45.55,95.09,47.56,5.49,177.4,6.03
86,2026-01-04 13:00:00,M1,Noite,Peça B,31.53,3.02,57.41,89.64,40.97,7.93,185.8,6.0880596809112095
87,2026-01-04 14:00:00,M2,Noite,Peça B,36.92,2.58,44.09,101.4,42.04,5.15,183.05555555555554,6.99
88,2026-01-04 15:00:00,M2,Manhã,Peça B,30.46,2.75,58.85,92.35,45.55,4.52,181.5,5.76
90,2026-01-04 17:00:00,M2,Tarde,Peça A,39.18,2.38,67.15,88.87,40.63,5.17,178.6,6.481060135964368
91,2026-01-04 18:00:00,M1,Tarde,Peça C,28.83,3.49,54.43,86.85,42.175,5.74,180.4,6.046691211958246
92,2026-01-04 19:00:00,M2,Tarde,Peça B,26.31,3.6,54.23,90.24,43.2,5.57,179.2,7.05
93,2026-01-04 20:00:00,M2,Noite,Peça A,35.86,3.78,37.55,96.38,44.22,6.39,180.3,5.83
94,2026-01-04 21:00:00,M1,Noite,Peça B,29.52,2.83,43.1,91.51,41.47,2.77,179.4,6.15
95,2026-01-04 22:00:00,M1,Manhã,Peça C,31.94,3.3,66.55,89.9,41.52,6.55,175.6,5.64
96,2026-01-04 23:00:00,M1,Noite,Peça A,30.24,2.01,47.89,86.24,47.52,5.19,183.2,5.84
97,2026-01-05 00:00:00,M1,Noite,Peça B,32.8,3.36,48.71,94.63,46.84,7.98,193.6,6.11
98,2026-01-05 01:00:00,M1,Manhã,Peça A,29.15,2.92,53.51,82.05,43.91,8.55,170.1,6.38
99,2026-01-05 02:00:00,M1,Manhã,Peça A,31.46,3.21,45.44,86.05,48.88,6.15,180.6,6.03
100,2026-01-05 03:00:00,M3,Manhã,Peça B,33.35,3.8,43.96,89.07,40.45,6.08,177.7,6.57
101,2026-01-05 04:00:00,M3,Noite,Peça A,28.98,2.91,54.43,91.48,48.49,6.03,184.4,5.957059529226823
102,2026-01-05 05:00:00,M2,Tarde,Peça B,29.9,2.18,46.98,91.06,44.17,4.57,180.7,5.853638356844414
103,2026-01-05 06:00:00,M1,Noite,Peça C,30.96,2.34,48.33,94.06,55.08,5.24,182.8,6.03
104,2026-01-05 07:00:00,M3,Tarde,Peça C,27.71,3.92,47.97,88.1,37.23,7.51,187.4,6.03
105,2026-01-05 08:00:00,M3,Noite,Peça A,30.73,4.0,59.7,84.68,39.24,6.57,182.5,5.68
106,2026-01-05 09:00:00,M1,Tarde,Peça A,32.36,2.26,54.43,90.2,43.68,6.39,186.2,5.69
107,2026-01-05 10:00:00,M2,Noite,Peça B,30.8,2.51,53.39,81.71,43.59,8.54,168.8,5.58
108,2026-01-05 11:00:00,M1,Manhã,Peça C,31.19,2.33,60.37,85.91,49.8,5.45,187.0,6.42
109,2026-01-05 12:00:00,M1,Tarde,Peça B,31.94,2.57,53.72,90.17,39.33,4.11,180.9,5.84
110,2026-01-05 13:00:00,M1,Noite,Peça C,30.03,2.66,52.5,87.82,45.62,6.39,186.9,6.06
111,2026-01-05 14:00:00,M2,Noite,Peça A,34.07,2.23,59.23,92.53,46.65,7.11,174.4,5.970849018877811
112,2026-01-05 15:00:00,M1,Noite,Peça A,36.31,2.27,61.01,93.89,44.82,6.45,174.8,6.03
113,2026-01-05 16:00:00,M1,Manhã,Peça A,30.61,2.86,53.68,84.84,38.16,5.79,179.6,5.62
114,2026-01-05 17:00:00,M2,Manhã,Peça A,33.46,2.38,55.73,92.87,47.63,3.65,180.4,5.52
115,2026-01-05 18:00:00,M1,Manhã,Peça B,31.28,2.72,47.96,87.82,46.92,6.8,180.4,6.1
116,2026-01-05 19:00:00,M3,Manhã,Peça A,33.1,4.24,47.25,85.71,44.4,7.07,186.94444444444446,6.27
117,2026-01-05 20:00:00,M3,Tarde,Peça A,36.7,2.7,61.92,90.1,42.82,7.24,172.66666666666666,6.15
118,2026-01-05 21:00:00,M2,Tarde,Peça A,33.53,3.02,59.0,89.3,42.9,7.65,185.4,5.64
119,2026-01-05 22:00:00,M2,Noite,Peça A,26.68,3.12,59.1,84.63,41.69,5.1,180.5,6.3
121,2026-01-06 00:00:00,M2,Noite,Peça A,35.7,3.12,55.42,84.54,42.12,7.04,173.1,5.77
122,2026-01-06 01:00:00,M2,Noite,Peça B,31.34,3.91,61.27,89.0,38.61,9.77,183.0,5.577848563824653
123,2026-01-06 02:00:00,M1,Manhã,Peça C,34.99,2.6,63.42,83.24,37.81,8.77,166.9,6.59
124,2026-01-06 03:00:00,M2,Manhã,Peça A,29.93,3.87,63.2,90.14,38.99,8.63,183.7,6.03
125,2026-01-06 04:00:00,M1,Tarde,Peça A,27.54,3.08,54.09,85.84,42.89,8.63,171.5,6.27
126,2026-01-06 05:00:00,M2,Noite,Peça C,32.42,2.93,67.48,90.07,41.89,6.1,180.8,6.03
127,2026-01-06 06:00:00,M1,Manhã,Peça C,26.73,3.11,57.06,83.07,42.86,4.81,178.4,7.27
128,2026-01-06 07:00:00,M1,Tarde,Peça B,31.28,3.01,60.69,87.51,44.0,7.92,184.8,5.23
130,2026-01-06 09:00:00,M2,Manhã,Peça A,26.27,2.79,57.22,92.21,47.86,7.56,177.05555555555554,5.72
131,2026-01-06 10:00:00,M1,Tarde,Peça A,28.16,2.83,48.38,87.09,40.93,6.14,176.5,5.62
132,2026-01-06 11:00:00,M3,Noite,Peça B,28.9,3.51,61.31,85.41,40.27,5.22,187.9,5.52
133,2026-01-06 12:00:00,M2,Tarde,Peça A,31.81,3.61,80.61,90.74,43.93,6.8,183.2,5.87
134,2026-01-06 13:00:00,M1,Manhã,Peça B,30.9,2.13,54.43,92.54,34.65,6.11,177.1,5.45
135,2026-01-06 14:00:00,M2,Noite,Peça B,36.2,3.81,55.64,89.92,38.84,5.79,179.33333333333334,6.15
136,2026-01-06 15:00:00,M1,Manhã,Peça B,34.86,3.1,50.98,93.83,45.92,8.17,171.2,6.02
137,2026-01-06 16:00:00,M3,Noite,Peça B,33.49,2.69,50.61,85.73,35.05,4.96,179.6,6.03
138,2026-01-06 17:00:00,M2,Manhã,Peça A,32.44,3.94,68.9,88.37,42.175,7.05,171.7,6.23
139,2026-01-06 18:00:00,M3,Tarde,Peça A,33.18,5.0,48.94,93.91,48.04,7.77,185.3,6.274217791199548
140,2026-01-06 19:00:00,M1,Tarde,Peça A,29.41,3.45,50.73,87.98,40.52,5.6,179.6,6.03
143,2026-01-06 22:00:00,M3,Manhã,Peça A,34.51,2.47,39.62,92.46,40.13,4.17,181.0,5.164163874295013
145,2026-01-07 00:00:00,M1,Manhã,Peça A,32.63,3.32,80.2,93.94,42.175,8.04,186.5,5.22
146,2026-01-07 01:00:00,M1,Tarde,Peça C,31.47,2.42,51.7,92.28,40.09,4.35,175.5,6.01
147,2026-01-07 02:00:00,M1,Noite,Peça A,33.2,2.21,40.0,88.67,38.8,3.05,180.11111111111111,5.95
148,2026-01-07 03:00:00,M2,Noite,Peça C,23.42,3.11,63.1,83.89,43.37,5.7,180.5,5.79
149,2026-01-07 04:00:00,M2,Manhã,Peça A,32.91,3.55,48.46,94.88,46.63,6.39,181.88888888888889,6.9
150,2026-01-07 05:00:00,M1,Tarde,Peça B,31.66,3.12,66.69,89.45,41.26,6.47,175.5,6.25
151,2026-01-07 06:00:00,M3,Manhã,Peça A,31.85,3.12,52.46,84.26,36.92,3.93,181.1,6.33
153,2026-01-07 08:00:00,M1,Noite,Peça C,31.78,2.1,53.4,90.37,43.58,5.52,179.66666666666666,5.550269584522677
154,2026-01-07 09:00:00,M2,Tarde,Peça C,28.58,3.72,61.82,89.12,49.38,6.54,182.77777777777777,6.019112232656269
155,2026-01-07 10:00:00,M1,Tarde,Peça C,31.58,2.48,52.95,88.35,43.57,6.54,177.9,6.08
156,2026-01-07 11:00:00,M2,Tarde,Peça A,32.2,3.5,50.53,89.94,40.45,6.78,172.44444444444446,5.16
157,2026-01-07 12:00:00,M1,Noite,Peça A,32.34,3.51,53.21,92.76,45.06,6.93,183.9,5.92
158,2026-01-07 13:00:00,M2,Manhã,Peça B,32.49,3.63,43.55,93.01,41.04,6.86,182.3,6.01
159,2026-01-07 14:00:00,M2,Manhã,Peça A,35.12,3.74,58.57,83.28,40.49,6.22,176.9,5.9
160,2026-01-07 15:00:00,M3,Manhã,Peça B,28.74,2.8,38.92,86.6,38.17,4.4,180.1,5.63
161,2026-01-07 16:00:00,M1,Manhã,Peça B,32.53,3.52,51.0,90.94,47.63,7.71,171.5,5.76
162,2026-01-07 17:00:00,M3,Manhã,Peça B,35.87,3.0,61.83,82.18,31.84,6.89,176.4,5.92
163,2026-01-07 18:00:00,M1,Manhã,Peça C,26.8,2.97,57.73,84.25,45.19,6.39,176.3,6.039796467132751
164,2026-01-07 19:00:00,M1,Tarde,Peça B,32.54,2.97,60.31,86.82,40.15,7.64,185.16666666666666,6.03
165,2026-01-07 20:00:00,M1,Tarde,Peça A,30.24,3.47,54.41,86.76,40.36,5.8,177.3,6.49
166,2026-01-07 21:00:00,M1,Manhã,Peça A,30.89,3.02,65.53,95.4,48.77,4.77,182.2,5.87
167,2026-01-07 22:00:00,M3,Tarde,Peça B,29.29,3.0,63.32,92.22,39.14,7.76,178.8,5.79
168,2026-01-07 23:00:00,M3,Noite,Peça B,31.49,2.67,59.02,85.63,39.28,5.23,182.7,6.2
169,2026-01-08 00:00:00,M1,Noite,Peça A,37.52,3.37,63.35,92.44,41.48,5.6,178.27777777777777,6.27
172,2026-01-08 03:00:00,M2,Noite,Peça A,28.09,3.12,42.9,84.48,35.7,6.51,172.6,6.44
173,2026-01-08 04:00:00,M1,Manhã,Peça A,37.18,1.89,58.78,89.48,38.54,6.55,172.1,6.58
174,2026-01-08 05:00:00,M1,Manhã,Peça A,30.61,4.18,59.91,94.27,47.13,6.47,179.6,6.8
175,2026-01-08 06:00:00,M1,Noite,Peça A,31.92,2.56,54.43,90.51,42.3,7.27,172.77777777777777,5.61
176,2026-01-08 07:00:00,M1,Tarde,Peça B,30.79,3.02,46.57,85.57,43.8,2.99,181.1,6.01
179,2026-01-08 10:00:00,M3,Tarde,Peça B,39.37,2.98,54.43,93.81,48.71,7.66,172.8,5.708848715509038
180,2026-01-08 11:00:00,M2,Manhã,Peça A,36.18,2.93,38.03,94.16,41.25,3.99,179.6,5.329637750106868
181,2026-01-08 12:00:00,M3,Manhã,Peça A,29.44,3.62,58.38,86.52,40.23,6.36,175.9,6.04
182,2026-01-08 13:00:00,M3,Manhã,Peça A,33.94,2.84,38.33,91.29,46.38,4.37,179.0,5.65
183,2026-01-08 14:00:00,M2,Manhã,Peça C,29.51,3.36,46.49,87.09,39.11,7.09,179.6,6.04
184,2026-01-08 15:00:00,M1,Noite,Peça B,26.67,3.85,67.17,76.64,39.62,8.81,167.4,5.639901267254099
185,2026-01-08 16:00:00,M3,Manhã,Peça A,35.06,3.23,71.42,90.44,42.04,7.39,182.7,5.51
186,2026-01-08 17:00:00,M2,Tarde,Peça C,35.48,3.41,44.06,90.34,42.0,7.14,190.0,6.11
187,2026-01-08 18:00:00,M1,Noite,Peça B,35.14,1.01,52.04,86.27,43.04,4.17,176.7,6.07
188,2026-01-08 19:00:00,M1,Noite,Peça B,30.59,2.77,55.38,94.77,50.37,4.96,180.27777777777777,6.26
189,2026-01-08 20:00:00,M2,Tarde,Peça C,31.5,2.95,71.03,91.39,43.34,8.33,185.6,6.98
190,2026-01-08 21:00:00,M1,Tarde,Peça A,34.25,2.27,50.56,86.42,32.49,3.22,178.2,6.12253340503868
191,2026-01-08 22:00:00,M3,Noite,Peça A,33.17,4.25,50.71,87.6,43.31,5.08,178.6,6.22
192,2026-01-08 23:00:00,M1,Tarde,Peça B,30.82,2.59,68.94,86.47,42.15,6.6,167.6,5.52
193,2026-01-09 00:00:00,M1,Noite,Peça A,27.14,2.68,51.63,89.64,42.17,4.59,179.6,5.42
194,2026-01-09 01:00:00,M3,Manhã,Peça B,32.34,3.3,61.5,86.77,42.98,6.39,180.9,6.71
196,2026-01-09 03:00:00,M1,Manhã,Peça A,28.41,2.06,53.46,89.27,41.79,4.05,179.61111111111111,5.53
197,2026-01-09 04:00:00,M1,Tarde,Peça A,33.92,3.77,54.43,84.0,44.45,4.03,177.6,5.98
198,2026-01-09 05:00:00,M3,Manhã,Peça A,32.99,2.18,45.5,88.05,39.83,3.73,178.9,5.96
199,2026-01-09 06:00:00,M1,Tarde,Peça A,34.25,2.3,62.55,87.71,42.175,6.39,182.05555555555554,5.59
200,2026-01-09 07:00:00,M1,Noite,Peça A,34.62,2.54,54.55,91.6,54.1,7.27,172.3,5.86
201,2026-01-09 08:00:00,M3,Tarde,Peça C,29.92,4.68,52.13,86.54,39.14,8.25,186.7,6.03
202,2026-01-09 09:00:00,M3,Tarde,Peça A,27.15,4.05,48.26,85.61,42.4,6.28,174.5,5.64
203,2026-01-09 10:00:00,M2,Manhã,Peça A,30.4,3.12,53.01,91.21,36.02,4.41,177.2,6.03
204,2026-01-09 11:00:00,M1,Noite,Peça A,34.67,3.65,57.71,90.82,42.47,6.81,188.61111111111111,6.42
205,2026-01-09 12:00:00,M1,Manhã,Peça A,30.37,2.32,63.85,88.47,38.27,6.14,184.6,6.22
206,2026-01-09 13:00:00,M1,Manhã,Peça A,29.92,3.46,31.37,92.91,40.23,6.03,179.5,6.03
207,2026-01-09 14:00:00,M1,Manhã,Peça B,26.54,1.92,47.51,84.33,46.18,6.39,174.3,5.29
209,2026-01-09 16:00:00,M1,Tarde,Peça C,34.48,2.54,54.11,90.41,44.27,4.35,179.4,5.98
210,2026-01-09 17:00:00,M2,Manhã,Peça C,34.31,2.48,58.63,93.11,34.92,5.2,180.7,6.52
211,2026-01-09 18:00:00,M2,Manhã,Peça A,34.9,3.01,57.41,94.52,42.175,5.14,180.0,5.53
212,2026-01-09 19:00:00,M2,Manhã,Peça A,33.73,3.33,52.26,89.03,37.23,5.32,180.3,5.96
213,2026-01-09 20:00:00,M1,Manhã,Peça A,31.27,2.48,50.26,89.46,48.11,7.35,177.9,6.3
214,2026-01-09 21:00:00,M3,Tarde,Peça B,31.51,3.91,52.79,86.57,46.09,5.87,174.3,4.929742550228216
215,2026-01-09 22:00:00,M2,Manhã,Peça A,30.72,2.77,65.34,88.46,44.31,5.66,177.9,6.47
216,2026-01-09 23:00:00,M2,Tarde,Peça C,39.9,3.55,54.43,95.23,38.58,8.11,185.1,5.47
217,2026-01-10 00:00:00,M1,Manhã,Peça B,33.67,3.09,54.43,88.01,42.61,5.82,172.2,6.15
218,2026-01-10 01:00:00,M1,Manhã,Peça C,30.61,2.76,56.65,86.0,40.12,4.99,178.1,6.11
219,2026-01-10 02:00:00,M3,Tarde,Peça B,33.4,3.26,69.04,88.06,42.12,5.93,177.4,6.487954880789862
220,2026-01-10 03:00:00,M1,Tarde,Peça C,28.97,2.9,52.3,89.67,41.0,5.02,179.6,6.246638811897571
221,2026-01-10 04:00:00,M1,Manhã,Peça A,36.51,3.12,63.63,91.5,33.85,5.09,177.1,4.929742550228216
222,2026-01-10 05:00:00,M2,Manhã,Peça A,30.02,3.12,66.09,88.53,46.49,9.22,187.9,5.65
223,2026-01-10 06:00:00,M2,Noite,Peça A,33.5,3.76,54.43,87.86,41.68,7.22,183.0,6.06
224,2026-01-10 07:00:00,M3,Manhã,Peça C,35.2,4.18,53.1,89.74,40.06,7.83,174.9,5.91
225,2026-01-10 08:00:00,M1,Tarde,Peça B,33.15,4.81,52.04,93.56,39.76,6.18,182.33333333333334,6.21
226,2026-01-10 09:00:00,M3,Tarde,Peça C,32.28,3.89,52.7,92.14,43.43,6.52,177.6,6.03
227,2026-01-10 10:00:00,M1,Manhã,Peça A,32.03,3.12,62.69,83.01,38.42,5.62,176.1,6.27
228,2026-01-10 11:00:00,M2,Tarde,Peça C,31.83,3.61,57.08,85.43,32.98,5.94,182.05555555555554,5.9
230,2026-01-10 13:00:00,M1,Noite,Peça B,30.65,2.51,44.87,88.44,44.08,5.64,183.5,5.8
231,2026-01-10 14:00:00,M1,Manhã,Peça C,36.44,2.47,46.29,94.42,41.2,4.72,175.1,6.19
232,2026-01-10 15:00:00,M2,Manhã,Peça A,31.67,3.57,74.29,82.27,37.41,7.1,177.4,5.51
233,2026-01-10 16:00:00,M3,Manhã,Peça A,29.64,3.44,53.4,82.32,42.36,4.63,178.2,6.2811125360250415
234,2026-01-10 17:00:00,M2,Tarde,Peça B,30.45,3.24,48.03,83.12,36.14,4.65,177.7,6.41
235,2026-01-10 18:00:00,M3,Manhã,Peça A,35.3,4.26,67.88,91.28,37.89,7.18,187.0,6.06
236,2026-01-10 19:00:00,M3,Manhã,Peça A,34.03,4.11,57.54,91.5,39.0,7.3,184.6,4.62
237,2026-01-10 20:00:00,M2,Manhã,Peça A,33.68,3.04,60.2,93.58,45.38,8.79,189.0,5.42
238,2026-01-10 21:00:00,M3,Noite,Peça A,31.23,3.11,53.76,93.87,40.55,9.11,192.8,6.84648161171555
240,2026-01-10 23:00:00,M1,Tarde,Peça B,30.07,3.3,53.47,93.42,49.82,4.79,179.33333333333334,5.11
241,2026-01-11 00:00:00,M3,Tarde,Peça A,31.22,2.51,42.56,86.82,43.41,5.17,175.6,6.556902329044802
242,2026-01-11 01:00:00,M3,Manhã,Peça A,34.91,3.35,54.21,92.18,43.36,6.37,177.61111111111111,6.005322743005281
243,2026-01-11 02:00:00,M1,Manhã,Peça A,34.62,2.91,57.66,84.67,40.52,5.69,175.83333333333334,6.5
244,2026-01-11 03:00:00,M2,Manhã,Peça B,29.05,3.66,71.65,85.47,39.61,7.07,175.2,6.12
246,2026-01-11 05:00:00,M3,Manhã,Peça C,32.33,3.73,33.99,93.55,45.87,6.39,179.6,6.16
247,2026-01-11 06:00:00,M2,Manhã,Peça A,37.18,3.53,54.15,85.85,43.79,7.25,174.38888888888889,6.31
250,2026-01-11 09:00:00,M2,Tarde,Peça B,27.87,2.98,47.7,91.85,42.175,10.1,194.55555555555554,6.03
251,2026-01-11 10:00:00,M2,Manhã,Peça B,30.1,3.16,60.32,87.76,35.78,6.52,178.22222222222223,6.198375598119114
252,2026-01-11 11:00:00,M1,Tarde,Peça B,30.91,3.53,48.32,91.58,39.64,4.48,181.9,6.51
254,2026-01-11 13:00:00,M1,Noite,Peça A,30.4,2.54,51.86,94.21,49.09,5.92,187.5,5.805375143065955
255,2026-01-11 14:00:00,M1,Manhã,Peça A,32.02,2.84,55.82,94.66,45.5,5.48,184.61111111111111,6.52
256,2026-01-11 15:00:00,M2,Noite,Peça A,30.39,2.97,38.15,80.62,33.19,5.24,182.0,6.42
257,2026-01-11 16:00:00,M3,Tarde,Peça A,27.61,3.39,44.66,85.38,35.94,7.21,174.77777777777777,7.16
258,2026-01-11 17:00:00,M1,Manhã,Peça A,34.34,3.12,55.09,92.5,42.175,6.68,180.1,5.660585501730581
260,2026-01-11 19:00:00,M2,Noite,Peça A,34.53,2.09,58.55,86.21,36.7,6.24,187.8,5.86
261,2026-01-11 20:00:00,M1,Manhã,Peça A,27.38,2.57,44.07,92.06,49.78,3.39,183.0,5.78
262,2026-01-11 21:00:00,M3,Noite,Peça B,32.9,4.05,61.43,86.22,43.25,6.81,182.0,5.6
263,2026-01-11 22:00:00,M1,Tarde,Peça B,34.03,3.9,44.35,87.01,43.9,6.39,166.8,4.76
264,2026-01-11 23:00:00,M1,Tarde,Peça A,28.91,3.31,69.78,84.92,39.23,7.52,174.05555555555554,5.8
266,2026-01-12 01:00:00,M1,Manhã,Peça C,31.65,2.65,45.17,87.1,40.48,7.3,185.05555555555554,5.777796163763979
267,2026-01-12 02:00:00,M1,Noite,Peça B,37.53,2.97,58.76,89.88,40.87,7.27,184.5,6.8740605910175265
268,2026-01-12 03:00:00,M1,Manhã,Peça B,37.77,2.92,69.98,90.72,44.44,6.87,171.0,6.005322743005281
269,2026-01-12 04:00:00,M1,Noite,Peça A,27.01,3.15,57.84,87.27,35.48,5.07,180.5,6.58
270,2026-01-12 05:00:00,M1,Tarde,Peça C,39.48,2.2,60.07,101.94,48.39,5.77,179.6,6.12
271,2026-01-12 06:00:00,M1,Manhã,Peça A,29.25,2.84,55.16,81.07,42.73,6.72,170.7,6.03
272,2026-01-12 07:00:00,M1,Tarde,Peça C,34.94,3.07,45.76,92.35,47.12,5.86,179.0,6.13
273,2026-01-12 08:00:00,M1,Manhã,Peça B,34.91,3.34,50.59,85.58,37.7,6.39,180.38888888888889,6.618955032474248
274,2026-01-12 09:00:00,M2,Manhã,Peça A,29.01,2.63,44.09,88.85,38.31,3.9,179.0,6.026006977481764
275,2026-01-12 10:00:00,M2,Manhã,Peça A,33.48,2.93,43.49,83.38,37.35,8.32,171.2,6.22
276,2026-01-12 11:00:00,M1,Manhã,Peça B,31.68,1.04,58.62,86.19,43.0,4.75,177.4,6.16
277,2026-01-12 12:00:00,M1,Manhã,Peça B,33.66,2.4,54.43,87.22,42.175,3.53,179.6,5.87
278,2026-01-12 13:00:00,M2,Manhã,Peça A,32.69,2.81,57.88,88.11,40.14,5.22,179.6,6.1845861084681255
279,2026-01-12 14:00:00,M3,Noite,Peça B,35.59,2.89,43.28,89.88,37.94,5.51,178.7,7.005060742701912
280,2026-01-12 15:00:00,M3,Tarde,Peça C,32.23,3.66,57.67,88.5,42.175,6.95,179.3,5.88
281,2026-01-12 16:00:00,M1,Noite,Peça B,31.5,2.76,50.6,88.03,41.81,4.96,178.8,6.191480853293619
282,2026-01-12 17:00:00,M1,Manhã,Peça B,35.29,1.33,67.66,85.94,40.14,5.55,181.22222222222223,6.563797073870297
283,2026-01-12 18:00:00,M1,Noite,Peça A,33.74,2.94,57.91,90.33,39.26,6.12,177.5,6.51
284,2026-01-12 19:00:00,M1,Tarde,Peça B,34.2,2.2,66.12,90.79,48.19,4.44,177.0,6.005322743005281
285,2026-01-12 20:00:00,M2,Manhã,Peça A,30.01,3.47,48.2,91.18,41.67,4.61,181.0,4.93
286,2026-01-12 21:00:00,M2,Manhã,Peça C,28.86,2.32,55.51,84.61,47.08,6.39,170.9,6.23
287,2026-01-12 22:00:00,M1,Tarde,Peça A,30.3,2.82,46.17,82.58,39.87,6.79,181.38888888888889,5.0
288,2026-01-12 23:00:00,M1,Manhã,Peça A,30.14,2.62,51.28,87.66,42.175,5.49,179.0,6.66
289,2026-01-13 00:00:00,M2,Tarde,Peça A,34.36,3.12,52.64,93.74,41.78,7.13,180.72222222222223,6.08
290,2026-01-13 01:00:00,M1,Noite,Peça A,34.93,2.88,48.47,89.27,42.175,7.04,183.8,6.45
291,2026-01-13 02:00:00,M3,Manhã,Peça B,31.53,3.38,44.06,87.83,42.175,8.1,171.7,5.59
292,2026-01-13 03:00:00,M1,Manhã,Peça B,36.29,1.8,42.28,85.8,41.46,6.12,169.1,5.3
293,2026-01-13 04:00:00,M3,Noite,Peça B,36.11,2.59,33.94,97.4,44.99,6.91,182.9,6.03
294,2026-01-13 05:00:00,M1,Tarde,Peça C,32.73,2.42,45.49,84.77,38.99,5.43,179.0,6.03
295,2026-01-13 06:00:00,M3,Manhã,Peça C,29.53,3.54,60.65,85.46,41.34,6.01,182.4,5.777796163763979
296,2026-01-13 07:00:00,M3,Noite,Peça A,36.73,3.15,40.61,91.47,38.53,4.56,179.2,6.04
297,2026-01-13 08:00:00,M3,Noite,Peça A,31.82,3.96,42.69,85.39,42.175,6.39,184.8,7.25
298,2026-01-13 09:00:00,M3,Tarde,Peça B,32.38,3.37,71.12,94.22,43.25,5.81,186.2,6.38
299,2026-01-13 10:00:00,M3,Tarde,Peça C,30.98,2.92,49.27,91.19,43.47,6.76,183.9,6.474165391138874
300,2026-01-13 11:00:00,M2,Manhã,Peça A,29.33,3.12,57.89,91.43,47.43,4.57,179.2,6.3776389635819575
301,2026-01-13 12:00:00,M1,Manhã,Peça A,27.59,3.7,60.78,87.65,46.63,8.54,179.6,6.667218246252706
302,2026-01-13 13:00:00,M1,Tarde,Peça C,33.9,3.01,60.96,90.55,45.06,6.39,182.8,5.91
303,2026-01-13 14:00:00,M2,Manhã,Peça B,29.65,4.37,54.43,83.85,36.31,7.57,186.6,5.08
304,2026-01-13 15:00:00,M2,Tarde,Peça B,41.18,2.72,52.92,92.68,39.22,5.2,183.72222222222223,5.92
305,2026-01-13 16:00:00,M3,Noite,Peça C,28.74,3.5,40.44,82.26,37.98,5.83,177.1,6.37
306,2026-01-13 17:00:00,M2,Manhã,Peça B,28.23,3.43,77.02,89.82,44.91,9.08,183.9,5.56
307,2026-01-13 18:00:00,M1,Tarde,Peça A,33.53,2.78,40.65,92.65,42.68,6.98,183.3,6.03
308,2026-01-13 19:00:00,M2,Manhã,Peça A,36.59,2.82,54.43,95.31,36.44,6.39,188.3,5.688164481032557
309,2026-01-13 20:00:00,M1,Noite,Peça A,32.19,1.79,45.63,88.51,41.25,5.52,179.6,6.68
310,2026-01-13 21:00:00,M1,Manhã,Peça A,33.72,2.47,41.53,90.01,36.02,5.94,177.9,6.34
311,2026-01-13 22:00:00,M2,Tarde,Peça B,26.47,2.45,67.17,85.73,41.79,7.38,184.2,6.29
313,2026-01-14 00:00:00,M1,Tarde,Peça A,28.78,2.28,50.72,87.73,44.12,6.24,173.4,5.984638508528799
314,2026-01-14 01:00:00,M1,Tarde,Peça A,26.31,2.12,43.12,85.27,43.51,2.81,181.1,6.0880596809112095
315,2026-01-14 02:00:00,M1,Noite,Peça C,32.35,3.18,34.87,92.25,49.63,6.63,181.9,5.47
316,2026-01-14 03:00:00,M1,Manhã,Peça A,25.27,3.19,52.8,82.96,45.39,7.87,179.4,5.02
317,2026-01-14 04:00:00,M1,Noite,Peça A,28.03,2.21,52.15,83.48,40.31,4.76,180.11111111111111,6.07
318,2026-01-14 05:00:00,M2,Noite,Peça B,30.39,3.12,49.14,90.52,45.27,3.19,179.2,6.15
319,2026-01-14 06:00:00,M1,Tarde,Peça B,29.51,1.59,56.99,89.61,36.41,6.55,186.4,6.54
320,2026-01-14 07:00:00,M1,Tarde,Peça A,33.19,3.23,58.56,84.48,38.15,5.37,177.0,6.71
322,2026-01-14 09:00:00,M2,Noite,Peça A,34.68,3.69,52.15,85.86,33.37,6.55,180.6,5.55
323,2026-01-14 10:00:00,M1,Tarde,Peça B,34.26,2.34,45.09,90.41,41.85,5.67,183.4,5.84
324,2026-01-14 11:00:00,M2,Tarde,Peça A,35.42,3.83,60.99,91.94,37.92,7.27,173.0,6.22
325,2026-01-14 12:00:00,M3,Manhã,Peça B,31.99,2.56,55.11,90.13,42.41,5.59,174.9,7.136060894386299
326,2026-01-14 13:00:00,M2,Noite,Peça B,32.91,2.34,63.0,88.21,37.69,7.56,170.3,6.67
327,2026-01-14 14:00:00,M3,Tarde,Peça A,33.53,4.01,62.11,95.94,43.7,6.17,181.7,6.5
328,2026-01-14 15:00:00,M2,Tarde,Peça A,32.42,4.24,42.2,85.71,42.08,5.98,174.9,5.826059377542437
330,2026-01-14 17:00:00,M1,Noite,Peça A,31.0,2.77,48.2,86.4,42.03,5.86,182.3,6.36
331,2026-01-14 18:00:00,M2,Manhã,Peça A,29.55,1.72,45.49,85.15,38.93,4.76,177.3,5.5
332,2026-01-14 19:00:00,M1,Manhã,Peça C,33.26,1.49,61.8,81.9,42.175,3.01,180.2,5.89
333,2026-01-14 20:00:00,M2,Noite,Peça A,31.72,3.23,58.16,86.02,42.175,6.76,179.0,5.95
334,2026-01-14 21:00:00,M3,Noite,Peça C,30.01,3.32,64.89,87.43,43.62,4.22,184.9,6.72
335,2026-01-14 22:00:00,M1,Manhã,Peça C,30.01,2.08,58.57,90.94,44.36,4.62,181.4,5.84
336,2026-01-14 23:00:00,M2,Tarde,Peça A,28.37,3.19,56.88,90.21,51.88,5.94,177.0,4.9
339,2026-01-15 02:00:00,M1,Manhã,Peça B,29.41,2.89,55.61,88.98,39.7,6.58,180.94444444444446,6.019112232656269
340,2026-01-15 03:00:00,M3,Tarde,Peça A,34.43,4.35,68.32,86.66,42.85,7.21,174.5,5.96
342,2026-01-15 05:00:00,M3,Noite,Peça A,27.78,3.48,52.26,78.97,41.79,6.72,176.1,6.36
343,2026-01-15 06:00:00,M3,Noite,Peça B,35.06,4.24,47.46,89.88,46.35,6.58,188.6,5.31
344,2026-01-15 07:00:00,M2,Tarde,Peça C,30.39,2.51,61.33,85.95,39.53,8.41,185.6,5.77
345,2026-01-15 08:00:00,M3,Manhã,Peça C,30.77,5.38,66.13,89.98,45.94,6.52,182.94444444444446,6.31
346,2026-01-15 09:00:00,M3,Noite,Peça A,32.12,3.79,54.54,86.93,44.15,6.84,182.3,5.722638205160027
347,2026-01-15 10:00:00,M3,Noite,Peça B,35.43,3.8,66.77,88.85,41.95,6.84,180.5,6.03
348,2026-01-15 11:00:00,M1,Noite,Peça A,32.06,3.14,37.27,85.05,40.74,5.8,182.38888888888889,6.3
349,2026-01-15 12:00:00,M2,Manhã,Peça C,28.4,4.37,54.5,89.96,51.71,6.07,178.6,6.51
350,2026-01-15 13:00:00,M1,Manhã,Peça A,33.63,3.32,54.64,89.75,38.73,6.36,180.2,5.98
351,2026-01-15 14:00:00,M2,Manhã,Peça A,30.55,2.11,48.46,90.41,43.19,4.41,184.83333333333334,5.12
352,2026-01-15 15:00:00,M1,Manhã,Peça C,37.66,3.71,76.45,89.81,39.0,7.2,176.16666666666666,6.32
354,2026-01-15 17:00:00,M2,Manhã,Peça A,25.29,3.22,51.33,83.36,45.55,6.03,174.5,6.14
355,2026-01-15 18:00:00,M2,Tarde,Peça C,33.07,2.32,55.23,86.14,39.29,6.52,175.2,5.598532798301135
356,2026-01-15 19:00:00,M2,Noite,Peça A,37.83,3.49,36.97,89.19,44.05,8.54,171.4,5.481322136267737
357,2026-01-15 20:00:00,M3,Tarde,Peça B,36.73,3.13,48.16,92.53,43.03,6.14,185.1,5.8
358,2026-01-15 21:00:00,M3,Manhã,Peça C,37.49,3.62,63.85,97.11,39.93,9.34,190.5,5.9156910602738595
359,2026-01-15 22:00:00,M2,Tarde,Peça B,28.94,2.97,49.34,91.94,45.03,7.1,187.6,5.708848715509038
360,2026-01-15 23:00:00,M2,Tarde,Peça A,34.74,4.4,47.54,85.95,43.56,7.08,172.4,6.26
361,2026-01-16 00:00:00,M3,Tarde,Peça A,29.83,4.84,54.43,90.84,42.175,7.88,185.1,5.8
362,2026-01-16 01:00:00,M1,Tarde,Peça A,32.67,2.83,67.06,92.03,41.83,6.69,186.1,6.439691667011404
363,2026-01-16 02:00:00,M1,Manhã,Peça C,28.18,2.84,59.65,84.13,43.72,6.39,179.6,6.129428149864174
364,2026-01-16 03:00:00,M1,Tarde,Peça A,30.07,2.56,50.9,90.36,42.92,5.46,179.5,5.688164481032557
365,2026-01-16 04:00:00,M2,Manhã,Peça A,29.97,3.87,52.84,85.27,42.24,8.52,170.44444444444446,5.61
366,2026-01-16 05:00:00,M2,Manhã,Peça A,34.7,2.94,54.43,85.32,39.44,4.13,181.8,5.26
367,2026-01-16 06:00:00,M3,Tarde,Peça C,34.4,3.28,46.05,92.44,48.78,4.55,176.2,6.13
368,2026-01-16 07:00:00,M2,Manhã,Peça A,32.83,3.79,45.6,88.71,37.8,6.39,181.5,5.839848867193425
369,2026-01-16 08:00:00,M1,Manhã,Peça C,27.95,2.45,49.44,84.64,43.71,6.48,171.2,4.93
370,2026-01-16 09:00:00,M3,Tarde,Peça B,31.07,3.53,45.69,88.48,40.72,6.78,184.2,5.76
371,2026-01-16 10:00:00,M3,Manhã,Peça A,29.76,2.52,40.93,88.76,49.04,7.11,186.6,5.59
372,2026-01-16 11:00:00,M1,Noite,Peça C,34.61,3.12,56.97,89.67,38.39,5.46,175.1,6.71
373,2026-01-16 12:00:00,M1,Manhã,Peça C,35.53,4.06,57.11,88.02,39.06,6.56,173.3,5.233111322549953
375,2026-01-16 14:00:00,M1,Noite,Peça A,29.73,3.75,48.98,88.46,43.29,6.58,177.7,6.50174437044085
376,2026-01-16 15:00:00,M1,Noite,Peça B,23.78,2.25,57.66,78.6,36.51,5.37,176.11111111111111,6.61
377,2026-01-16 16:00:00,M3,Manhã,Peça B,26.7,3.7,57.81,81.44,42.175,6.52,173.7,5.66
378,2026-01-16 17:00:00,M2,Manhã,Peça B,36.26,2.54,52.72,82.07,33.39,5.11,182.77777777777777,5.72
379,2026-01-16 18:00:00,M1,Manhã,Peça C,30.8,2.65,61.7,89.33,42.96,4.82,176.8,6.28
380,2026-01-16 19:00:00,M2,Manhã,Peça C,29.75,3.65,61.98,82.26,40.0,8.35,179.6,4.95
381,2026-01-16 20:00:00,M2,Tarde,Peça B,36.93,3.22,57.95,89.22,36.05,5.55,177.7,5.16
382,2026-01-16 21:00:00,M3,Manhã,Peça B,35.8,2.63,52.7,94.28,46.34,7.77,186.9,5.874322591320896
384,2026-01-16 23:00:00,M2,Tarde,Peça A,31.12,2.25,42.69,85.47,45.19,3.44,179.83333333333334,5.8
385,2026-01-17 00:00:00,M1,Noite,Peça A,31.6,3.12,47.75,87.78,39.2,5.27,182.11111111111111,6.05
386,2026-01-17 01:00:00,M3,Tarde,Peça A,32.68,4.89,49.4,95.01,48.41,4.91,175.72222222222223,6.51
387,2026-01-17 02:00:00,M2,Tarde,Peça A,36.8,4.04,44.88,97.17,45.0,5.79,180.66666666666666,6.95
388,2026-01-17 03:00:00,M3,Manhã,Peça A,33.27,2.32,58.96,91.43,42.175,5.31,182.2,5.74
389,2026-01-17 04:00:00,M1,Manhã,Peça B,34.18,3.72,65.77,88.93,38.33,7.71,176.7,5.99
390,2026-01-17 05:00:00,M3,Manhã,Peça A,35.51,4.16,46.83,88.8,44.42,4.91,179.6,6.818902632413574
391,2026-01-17 06:00:00,M2,Manhã,Peça C,28.49,2.15,54.43,88.01,40.95,6.95,179.6,5.31584826045588
392,2026-01-17 07:00:00,M1,Noite,Peça B,34.26,2.6,45.69,89.36,41.32,5.97,179.6,6.46
393,2026-01-17 08:00:00,M2,Noite,Peça A,31.12,3.86,52.26,92.02,47.09,7.98,183.3,6.03
394,2026-01-17 09:00:00,M2,Noite,Peça A,24.45,3.51,48.79,79.21,39.01,8.94,165.9,6.05
395,2026-01-17 10:00:00,M1,Noite,Peça A,25.62,1.95,60.42,85.99,42.37,6.93,185.0,5.89
396,2026-01-17 11:00:00,M2,Noite,Peça C,28.95,3.55,54.43,85.76,45.82,7.81,165.3,5.57
397,2026-01-17 12:00:00,M3,Manhã,Peça A,33.59,3.12,64.1,90.79,45.24,6.12,178.44444444444446,5.56
398,2026-01-17 13:00:00,M1,Manhã,Peça B,32.34,2.66,52.79,90.89,41.36,5.24,184.1,6.12
399,2026-01-17 14:00:00,M2,Manhã,Peça C,32.55,3.89,54.43,86.57,40.84,4.37,178.9,6.45
400,2026-01-17 15:00:00,M2,Tarde,Peça C,37.85,3.16,43.72,84.04,35.04,5.69,173.2,6.03
401,2026-01-17 16:00:00,M1,Manhã,Peça A,28.19,2.48,57.28,89.01,37.78,6.59,173.5,6.03
402,2026-01-17 17:00:00,M3,Noite,Peça A,31.92,4.13,63.06,97.74,43.27,7.1,186.61111111111111,6.26
403,2026-01-17 18:00:00,M3,Tarde,Peça A,32.91,4.18,57.46,88.61,41.45,8.66,179.6,5.56
404,2026-01-17 19:00:00,M1,Tarde,Peça A,29.79,3.65,75.15,84.54,42.3,5.59,184.6,6.33
405,2026-01-17 20:00:00,M3,Manhã,Peça A,32.08,4.12,67.87,87.81,46.16,6.39,181.2,6.37
407,2026-01-17 22:00:00,M1,Manhã,Peça C,36.23,3.28,52.14,93.67,41.06,7.28,176.1,5.83
408,2026-01-17 23:00:00,M3,Noite,Peça B,29.96,3.72,59.23,83.45,42.175,5.74,176.4,5.79
410,2026-01-18 01:00:00,M3,Manhã,Peça A,31.9,3.4,65.5,91.89,47.73,8.12,185.2,6.37
411,2026-01-18 02:00:00,M2,Manhã,Peça C,35.08,2.36,58.25,92.21,45.63,7.37,171.9,5.76
412,2026-01-18 03:00:00,M2,Manhã,Peça B,31.84,2.53,57.31,87.53,43.16,5.53,178.5,5.82
413,2026-01-18 04:00:00,M1,Tarde,Peça C,31.91,2.62,61.18,84.95,49.18,7.59,174.7,6.24
414,2026-01-18 05:00:00,M3,Noite,Peça C,30.25,3.71,70.51,89.38,36.0,7.49,188.0,5.626111777603111
415,2026-01-18 06:00:00,M1,Noite,Peça A,32.36,3.74,56.54,90.59,41.97,7.8,172.2,6.03
416,2026-01-18 07:00:00,M1,Manhã,Peça A,32.95,2.77,53.98,90.67,43.47,6.83,187.0,6.04
418,2026-01-18 09:00:00,M3,Manhã,Peça A,31.62,4.25,63.71,86.49,43.2,7.09,175.7,5.72953294998552
419,2026-01-18 10:00:00,M1,Noite,Peça C,30.17,2.65,52.11,82.94,37.57,6.38,175.6,5.17
421,2026-01-18 12:00:00,M2,Manhã,Peça B,31.73,2.99,56.76,89.72,46.23,5.88,174.1,6.03
422,2026-01-18 13:00:00,M1,Noite,Peça B,36.64,3.66,54.43,92.61,43.09,6.91,179.5,5.412374688012797
423,2026-01-18 14:00:00,M1,Manhã,Peça A,31.41,3.21,42.79,89.16,34.59,5.93,172.9,5.93
424,2026-01-18 15:00:00,M1,Tarde,Peça A,32.78,2.03,41.12,82.28,38.13,7.14,168.1,5.47
425,2026-01-18 16:00:00,M2,Tarde,Peça B,28.04,3.25,47.01,85.36,44.26,5.35,178.61111111111111,5.681269736207064
426,2026-01-18 17:00:00,M3,Manhã,Peça B,30.66,4.62,46.32,86.93,42.08,8.49,172.5,5.65
427,2026-01-18 18:00:00,M1,Tarde,Peça A,32.63,2.68,49.21,83.04,31.22,3.98,175.2,5.8
429,2026-01-18 20:00:00,M1,Noite,Peça B,32.67,3.15,53.48,87.46,42.55,6.01,179.6,6.3
430,2026-01-18 21:00:00,M3,Manhã,Peça A,36.15,2.88,56.77,89.02,38.72,9.33,191.5,6.01
431,2026-01-18 22:00:00,M3,Tarde,Peça C,33.92,3.88,43.98,91.31,45.98,5.59,181.8,5.79
432,2026-01-18 23:00:00,M3,Manhã,Peça A,36.88,2.64,50.85,91.28,42.175,5.55,182.7,5.805375143065955
433,2026-01-19 00:00:00,M2,Manhã,Peça A,31.82,3.12,60.29,88.81,39.25,9.24,171.6,6.15
434,2026-01-19 01:00:00,M1,Manhã,Peça B,39.17,4.25,60.35,93.44,43.43,6.45,179.6,6.26
435,2026-01-19 02:00:00,M1,Noite,Peça B,30.54,3.03,48.48,91.41,49.12,6.48,180.1,5.5916380534756405
436,2026-01-19 03:00:00,M1,Noite,Peça B,29.7,2.6,56.45,89.13,48.49,6.6,173.9,6.02
437,2026-01-19 04:00:00,M1,Noite,Peça A,28.37,3.09,74.79,87.36,43.44,7.42,183.5,5.09
438,2026-01-19 05:00:00,M2,Tarde,Peça C,38.99,3.11,54.84,89.4,43.85,6.8,174.5,6.1
440,2026-01-19 07:00:00,M2,Tarde,Peça B,31.0,3.58,53.44,85.11,36.97,5.56,177.6,5.87
441,2026-01-19 08:00:00,M3,Tarde,Peça A,35.75,3.08,55.83,96.78,44.58,4.95,182.33333333333334,6.82
442,2026-01-19 09:00:00,M1,Tarde,Peça A,34.06,2.83,53.64,91.94,39.06,5.61,175.8,6.03
443,2026-01-19 10:00:00,M2,Manhã,Peça B,37.9,2.95,54.72,93.66,43.27,6.39,179.1,6.1
444,2026-01-19 11:00:00,M1,Manhã,Peça A,27.36,1.77,42.01,86.7,41.09,4.41,177.8,5.98
445,2026-01-19 12:00:00,M1,Manhã,Peça B,31.2,2.2,46.34,87.61,44.0,6.38,175.3,5.95
446,2026-01-19 13:00:00,M2,Tarde,Peça A,30.61,4.17,53.66,84.85,42.47,8.1,182.9,5.95
447,2026-01-19 14:00:00,M3,Noite,Peça C,26.08,3.8,53.51,81.84,29.71,5.5,182.7,6.05
448,2026-01-19 15:00:00,M2,Manhã,Peça B,35.18,2.29,49.9,90.72,42.72,3.93,180.1,6.38
449,2026-01-19 16:00:00,M1,Tarde,Peça C,31.19,3.12,53.41,89.02,44.57,3.75,176.8,6.618955032474248
450,2026-01-19 17:00:00,M2,Manhã,Peça B,34.22,3.08,54.43,92.55,43.78,8.49,184.5,6.0
451,2026-01-19 18:00:00,M1,Manhã,Peça A,39.08,3.81,63.0,94.34,41.59,6.89,177.8,6.37
452,2026-01-19 19:00:00,M3,Manhã,Peça C,30.94,3.43,54.11,87.96,48.57,6.09,179.94444444444446,5.68
453,2026-01-19 20:00:00,M2,Manhã,Peça B,30.74,4.0,58.59,86.5,43.25,4.98,181.0,6.34
454,2026-01-19 21:00:00,M1,Noite,Peça B,32.36,3.03,50.13,95.15,43.75,7.1,187.5,5.66
455,2026-01-19 22:00:00,M1,Manhã,Peça A,34.96,3.11,60.15,92.11,46.18,7.91,172.27777777777777,6.49
457,2026-01-20 00:00:00,M3,Tarde,Peça C,30.11,4.16,62.79,84.66,38.41,9.35,172.0,5.95
458,2026-01-20 01:00:00,M2,Tarde,Peça B,35.17,2.93,61.42,87.27,32.25,8.41,181.6,5.01
459,2026-01-20 02:00:00,M3,Tarde,Peça A,33.14,4.11,60.3,90.57,40.09,7.6,179.6,5.75
460,2026-01-20 03:00:00,M2,Manhã,Peça B,25.87,2.62,54.11,88.45,45.04,4.7,182.94444444444446,6.55
461,2026-01-20 04:00:00,M2,Noite,Peça B,28.32,3.27,57.2,94.21,40.59,4.98,181.4,6.25
462,2026-01-20 05:00:00,M1,Noite,Peça C,36.5,3.03,64.57,91.62,45.2,8.09,176.2,6.11
463,2026-01-20 06:00:00,M3,Noite,Peça A,33.21,3.45,54.43,91.7,42.59,6.9,181.7,6.45
464,2026-01-20 07:00:00,M1,Tarde,Peça A,29.71,3.06,49.34,83.49,47.15,5.61,177.7,6.22
465,2026-01-20 08:00:00,M2,Manhã,Peça C,31.49,2.98,54.43,85.85,40.82,6.19,176.55555555555554,6.550007584219308
466,2026-01-20 09:00:00,M2,Noite,Peça B,32.04,2.73,58.74,92.68,43.87,4.6,179.1,6.41
467,2026-01-20 10:00:00,M2,Manhã,Peça B,34.21,4.19,47.58,91.82,44.02,7.19,181.5,6.68
468,2026-01-20 11:00:00,M3,Manhã,Peça B,27.93,4.23,54.33,74.73,48.01,6.32,177.66666666666666,6.03
469,2026-01-20 12:00:00,M1,Manhã,Peça A,29.48,2.31,54.15,86.31,35.17,5.77,175.0,6.41
470,2026-01-20 13:00:00,M2,Noite,Peça B,32.82,3.52,35.06,92.95,40.17,7.32,173.7,5.86
471,2026-01-20 14:00:00,M2,Tarde,Peça A,31.7,2.67,53.02,83.97,45.39,5.45,182.5,5.73
472,2026-01-20 15:00:00,M2,Noite,Peça A,33.72,2.38,53.58,96.52,48.18,5.38,183.2,6.77
473,2026-01-20 16:00:00,M1,Noite,Peça B,28.31,3.47,54.43,78.76,42.96,5.62,180.2,6.094954425736704
474,2026-01-20 17:00:00,M1,Manhã,Peça B,33.07,1.69,67.74,92.36,42.175,6.43,183.8,6.36
475,2026-01-20 18:00:00,M1,Noite,Peça C,35.27,3.4,44.06,91.01,42.175,7.07,179.4,6.06
477,2026-01-20 20:00:00,M2,Tarde,Peça A,32.42,3.01,31.49,90.12,40.56,6.0,182.0,6.0
478,2026-01-20 21:00:00,M2,Manhã,Peça C,31.71,3.42,50.67,92.31,43.32,5.27,179.6,6.646534011776224
479,2026-01-20 22:00:00,M2,Noite,Peça A,29.5,3.53,51.44,89.43,46.72,5.39,177.8,6.25
480,2026-01-20 23:00:00,M2,Manhã,Peça A,31.78,2.61,50.41,94.83,49.56,8.66,191.6,5.23
481,2026-01-21 00:00:00,M2,Manhã,Peça A,35.78,3.62,64.97,89.79,44.97,6.57,178.2,5.9
482,2026-01-21 01:00:00,M1,Tarde,Peça B,31.64,2.87,62.75,82.02,42.18,5.04,175.7,6.8
483,2026-01-21 02:00:00,M2,Manhã,Peça C,29.33,2.33,55.7,89.81,41.78,6.39,182.7,5.9
484,2026-01-21 03:00:00,M1,Manhã,Peça B,30.52,2.69,54.43,93.83,44.23,5.2,180.3,5.19
485,2026-01-21 04:00:00,M1,Tarde,Peça B,32.6,3.7,64.24,90.55,42.175,7.49,172.0,6.85
486,2026-01-21 05:00:00,M2,Tarde,Peça A,30.88,3.12,54.82,83.53,42.76,9.15,186.1,6.31
488,2026-01-21 07:00:00,M1,Manhã,Peça B,33.57,2.03,39.55,87.09,47.19,7.22,173.4,5.832954122367931
489,2026-01-21 08:00:00,M2,Noite,Peça A,34.67,3.47,51.03,85.08,37.44,7.38,186.4,6.49
490,2026-01-21 09:00:00,M2,Tarde,Peça A,36.27,3.7,61.79,91.08,40.27,6.94,183.6,5.76
491,2026-01-21 10:00:00,M2,Tarde,Peça A,34.99,3.62,75.49,90.23,42.39,6.74,174.2,6.52
492,2026-01-21 11:00:00,M1,Tarde,Peça A,29.2,3.66,55.55,87.17,49.96,8.11,179.6,6.24
493,2026-01-21 12:00:00,M2,Tarde,Peça B,29.29,3.39,48.11,89.83,40.31,6.33,179.6,6.11
494,2026-01-21 13:00:00,M1,Noite,Peça B,31.77,2.75,54.43,89.28,39.34,3.73,178.9,6.07
495,2026-01-21 14:00:00,M3,Manhã,Peça A,30.65,3.15,59.97,87.51,39.8,7.33,189.5,5.922585805099354
496,2026-01-21 15:00:00,M2,Manhã,Peça B,28.59,1.92,39.12,88.62,48.64,4.12,181.27777777777777,6.46727064631338
497,2026-01-21 16:00:00,M2,Tarde,Peça B,30.67,3.37,59.95,78.79,30.75,6.39,180.4,5.612322287952123
498,2026-01-21 17:00:00,M2,Noite,Peça B,30.58,3.27,62.36,85.13,37.99,7.02,177.2,5.27
499,2026-01-21 18:00:00,M1,Manhã,Peça C,29.98,3.16,54.43,91.27,52.93,5.38,181.9,6.28
500,2026-01-21 19:00:00,M2,Tarde,Peça A,31.05,2.28,53.02,89.92,44.36,5.91,182.9,6.28
501,2026-01-21 20:00:00,M2,Noite,Peça C,35.54,3.57,60.08,90.29,37.58,5.76,180.55555555555554,6.22
502,2026-01-21 21:00:00,M3,Noite,Peça A,32.6,4.89,56.54,89.09,41.83,4.38,177.6,6.18
503,2026-01-21 22:00:00,M3,Noite,Peça A,39.42,3.6,48.0,92.03,42.27,5.57,182.1,5.86
504,2026-01-21 23:00:00,M2,Tarde,Peça A,32.51,3.11,71.65,90.76,45.38,6.89,180.16666666666666,6.35
505,2026-01-22 00:00:00,M2,Tarde,Peça B,31.13,3.35,51.83,92.14,49.36,5.3,173.8,5.98
506,2026-01-22 01:00:00,M3,Manhã,Peça A,32.01,4.87,61.98,87.61,43.55,8.34,174.1,5.78
507,2026-01-22 02:00:00,M1,Noite,Peça A,32.77,2.13,33.23,89.65,39.84,6.17,181.8,5.86
508,2026-01-22 03:00:00,M3,Manhã,Peça B,33.31,3.68,66.49,87.34,45.15,8.16,168.5,6.91
509,2026-01-22 04:00:00,M2,Noite,Peça A,38.23,2.63,68.22,89.24,39.21,5.96,181.5,5.22
510,2026-01-22 05:00:00,M1,Tarde,Peça A,29.46,2.44,54.43,86.98,37.87,4.44,176.6,6.22
511,2026-01-22 06:00:00,M1,Tarde,Peça A,34.58,2.77,60.03,87.22,34.96,8.47,185.5,5.24
512,2026-01-22 07:00:00,M3,Tarde,Peça A,32.62,4.43,60.03,88.0,35.74,6.56,179.0,5.95
513,2026-01-22 08:00:00,M1,Tarde,Peça A,27.29,3.12,54.43,85.71,38.41,6.43,182.3,5.8
514,2026-01-22 09:00:00,M1,Noite,Peça A,34.31,3.09,54.43,86.83,37.29,7.86,177.0,5.06
515,2026-01-22 10:00:00,M1,Tarde,Peça A,35.8,2.56,47.72,89.81,43.25,5.55,179.6,6.18
516,2026-01-22 11:00:00,M1,Tarde,Peça B,29.43,4.42,49.52,84.89,42.175,5.93,182.7,5.826059377542437
518,2026-01-22 13:00:00,M2,Tarde,Peça B,26.82,2.78,63.77,87.0,37.82,7.21,185.5,6.38
519,2026-01-22 14:00:00,M1,Tarde,Peça B,28.22,1.65,48.64,85.65,42.175,5.04,174.0,6.65
520,2026-01-22 15:00:00,M3,Manhã,Peça C,35.14,4.46,48.4,92.59,39.58,4.76,183.0,6.67
