data,turno,maquina,temperatura_forno_c,pressao_linha_bar,velocidade_esteira_m_min,vibracao_motor_mm_s,umidade_ambiente_pct,consumo_energia_kwh,tempo_ciclo_s,taxa_defeitos_pct
2026-01-01 00:00:00,Noite,M2,175.57,5.53,40.1,3.12,67.43,90.15,41.1,7.44
2026-01-01 01:00:00,Tarde,M3,177.2,5.94,36.74,2.38,70.09,86.61,43.22,8.46
2026-01-01 02:00:00,Noite,M3,193.79,5.45,35.58,4.49,61.46,83.45,37.45,9.31
2026-01-01 03:00:00,Tarde,M2,189.51,6.38,30.76,2.62,44.29,86.28,37.9,9.12
2026-01-01 04:00:00,Manhã,M3,179.44,5.59,29.17,4.92,59.42,76.86,41.62,7.19
2026-01-01 05:00:00,Noite,M3,179.68,7.26,34.52,3.48,62.66,89.74,44.01,8.17
2026-01-01 06:00:00,Noite,M3,175.75,5.8,28.48,4.22,61.53,82.06,46.25,8.35
2026-01-01 07:00:00,Noite,M1,169.46,6.03,31.24,2.76,62.06,73.44,44.43,8.31
2026-01-01 08:00:00,Manhã,M2,179.92,5.42,31.63,3.08,58.27,81.93,42.29,5.83
2026-01-01 09:00:00,Tarde,M2,175.51,6.77,37.1,2.69,54.35,86.31,39.02,5.68
2026-01-01 10:00:00,Manhã,M2,180.08,6.5,30.86,3.18,49.52,80.71,37.72,5.65
2026-01-01 11:00:00,Noite,M2,172.5,6.13,24.19,3.32,37.92,79.09,39.96,7.93
2026-01-01 12:00:00,Tarde,M3,177.69,5.39,33.61,2.95,58.06,81.43,43.64,6.3
2026-01-01 13:00:00,Noite,M3,182.24,6.09,29.76,3.41,56.67,78.69,43.35,6.06
2026-01-01 14:00:00,Tarde,M1,180.83,5.5,32.14,2.37,60.02,81.01,33.6,5.36
2026-01-01 15:00:00,Manhã,M2,182.59,6.66,31.72,4.71,42.96,82.72,38.86,8.01
2026-01-01 16:00:00,Tarde,M2,173.9,6.36,31.12,3.04,60.81,81.68,46.82,8.49
2026-01-01 17:00:00,Manhã,M1,183.27,6.04,34.53,3.88,73.49,88.84,42.32,6.71
2026-01-01 18:00:00,Noite,M1,175.0,4.9,27.09,2.66,55.71,75.53,36.33,6.08
2026-01-01 19:00:00,Tarde,M1,182.16,5.56,30.35,2.98,54.45,85.87,51.42,6.55
2026-01-01 20:00:00,Noite,M3,181.45,6.31,34.19,2.58,57.78,84.74,41.88,7.41
2026-01-01 21:00:00,Manhã,M2,173.62,6.55,30.03,2.79,73.29,76.58,43.54,8.67
2026-01-01 22:00:00,Noite,M3,179.92,6.5,26.85,3.65,45.79,76.7,43.6,4.39
2026-01-01 23:00:00,Noite,M2,182.33,5.28,34.14,4.21,56.83,84.36,40.53,6.84
2026-01-02 00:00:00,Noite,M3,184.56,6.14,35.59,3.66,47.8,91.11,39.09,5.79
2026-01-02 01:00:00,Manhã,M2,179.8,6.46,31.86,6.55,50.08,86.84,50.49,12.4
2026-01-02 02:00:00,Tarde,M3,189.16,5.25,25.73,3.95,54.55,77.12,46.01,10.17
2026-01-02 03:00:00,Manhã,M1,184.04,6.0,34.26,3.94,67.13,76.56,45.29,5.9
2026-01-02 04:00:00,Manhã,M2,179.22,6.12,26.69,3.06,71.21,82.81,44.31,4.52
2026-01-02 05:00:00,Tarde,M3,185.25,5.86,32.99,5.17,59.03,83.3,37.99,7.38
2026-01-02 06:00:00,Noite,M3,191.17,5.17,29.16,3.16,51.61,88.25,47.11,8.6
2026-01-02 07:00:00,Noite,M3,191.3,5.85,28.29,2.96,77.43,79.61,38.63,9.42
2026-01-02 08:00:00,Manhã,M1,172.86,5.85,30.59,1.95,51.15,82.37,43.13,6.86
2026-01-02 09:00:00,Manhã,M1,174.37,5.93,31.41,4.43,49.86,82.66,35.44,8.91
2026-01-02 10:00:00,Tarde,M1,186.42,5.75,29.94,3.37,39.03,79.74,33.84,4.86
2026-01-02 11:00:00,Manhã,M1,173.71,5.8,33.88,2.57,67.56,82.04,43.27,8.39
2026-01-02 12:00:00,Manhã,M2,173.89,5.98,30.57,3.97,63.71,80.48,38.76,7.5
2026-01-02 13:00:00,Tarde,M2,178.07,6.2,35.14,3.58,76.76,84.12,34.04,7.86
2026-01-02 14:00:00,Manhã,M3,183.6,5.86,32.9,4.88,42.49,84.74,44.16,5.78
2026-01-02 15:00:00,Tarde,M3,180.99,5.82,29.77,2.42,68.12,87.09,50.48,5.84
2026-01-02 16:00:00,Tarde,M2,177.25,6.04,29.23,2.91,55.63,81.08,47.56,6.43
2026-01-02 17:00:00,Noite,M3,178.13,5.14,26.73,3.18,62.25,75.62,40.97,7.85
2026-01-02 18:00:00,Tarde,M1,175.44,6.21,32.93,1.42,40.17,88.73,42.04,3.39
2026-01-02 19:00:00,Manhã,M1,174.6,6.0,30.87,3.54,68.21,80.58,45.55,7.57
2026-01-02 20:00:00,Noite,M2,191.91,6.02,24.41,2.91,62.08,80.49,46.49,7.18
2026-01-02 21:00:00,Noite,M3,182.99,6.43,30.29,4.02,54.65,82.15,40.63,7.46
2026-01-02 22:00:00,Tarde,M1,183.43,5.12,29.12,4.45,60.81,82.37,42.14,8.57
2026-01-02 23:00:00,Manhã,M2,178.05,5.11,37.04,2.85,48.11,84.66,43.2,7.38
2026-01-03 00:00:00,Tarde,M2,179.57,6.12,26.55,2.81,49.79,80.53,44.22,4.82
2026-01-03 01:00:00,Manhã,M1,175.43,6.0,27.39,2.88,50.83,79.49,41.47,7.42
2026-01-03 02:00:00,Manhã,M2,167.24,6.08,35.55,6.81,38.33,83.16,41.52,14.71
2026-01-03 03:00:00,Manhã,M3,174.61,5.79,36.34,3.1,62.76,78.83,47.52,5.28
2026-01-03 04:00:00,Noite,M2,171.45,6.3,29.62,2.66,65.72,87.1,46.84,8.25
2026-01-03 05:00:00,Tarde,M1,167.75,6.42,29.98,3.54,48.69,79.82,43.91,9.51
2026-01-03 06:00:00,Tarde,M3,175.52,6.22,33.97,3.77,58.13,86.84,48.88,6.89
2026-01-03 07:00:00,Noite,M1,185.62,5.88,24.55,1.37,52.61,75.5,40.45,4.37
2026-01-03 08:00:00,Tarde,M3,181.28,5.05,26.04,2.64,57.95,80.26,48.49,7.04
2026-01-03 09:00:00,Tarde,M1,185.45,6.35,31.1,3.85,49.35,82.11,44.17,5.86
2026-01-03 10:00:00,Manhã,M2,182.55,6.55,36.96,3.38,47.05,93.97,55.08,5.98
2026-01-03 11:00:00,Manhã,M1,182.91,6.29,30.61,2.27,64.47,79.91,37.23,6.0
2026-01-03 12:00:00,Tarde,M1,174.5,5.6,32.32,2.68,54.43,83.87,39.24,7.44
2026-01-03 13:00:00,Tarde,M3,184.12,6.3,35.63,3.51,73.2,84.3,43.68,6.69
2026-01-03 14:00:00,Tarde,M1,182.64,6.39,38.74,3.32,55.42,86.32,43.59,5.65
2026-01-03 15:00:00,Noite,M1,176.12,6.7,30.15,1.85,46.67,82.6,49.8,5.57
2026-01-03 16:00:00,Tarde,M1,181.8,5.61,31.95,2.21,66.04,86.58,39.33,6.99
2026-01-03 17:00:00,Tarde,M2,183.33,5.9,37.83,3.29,60.68,82.14,45.62,9.21
2026-01-03 18:00:00,Tarde,M3,178.75,6.34,27.13,3.43,61.54,77.41,46.65,4.69
2026-01-03 19:00:00,Manhã,M3,175.89,6.03,35.29,3.9,65.72,79.03,44.82,7.76
2026-01-03 20:00:00,Manhã,M1,173.08,5.5,28.74,1.94,49.12,75.84,38.16,5.17
2026-01-03 21:00:00,Tarde,M2,180.93,6.19,32.33,3.35,53.85,82.42,47.63,7.12
2026-01-03 22:00:00,Manhã,M1,180.64,6.26,31.22,3.56,53.46,79.17,46.92,5.03
2026-01-03 23:00:00,Tarde,M2,176.54,6.04,28.93,3.44,43.38,79.19,44.4,5.56
2026-01-04 00:00:00,Noite,M3,181.63,6.1,28.85,3.6,52.63,75.82,42.82,5.63
2026-01-04 01:00:00,Manhã,M2,183.35,5.88,32.88,3.03,67.03,81.36,42.9,6.64
2026-01-04 02:00:00,Manhã,M2,183.59,6.67,35.19,2.52,57.14,89.02,41.69,6.49
2026-01-04 03:00:00,Manhã,M1,186.76,5.59,31.58,2.75,42.89,85.94,44.56,7.16
2026-01-04 04:00:00,Manhã,M3,187.88,5.74,32.22,4.38,41.0,85.24,42.12,7.83
2026-01-04 05:00:00,Tarde,M2,175.49,6.0,33.83,3.02,69.98,79.44,38.61,5.59
2026-01-04 06:00:00,Tarde,M1,187.42,6.4,28.89,2.18,54.19,77.07,37.81,7.47
2026-01-04 07:00:00,Noite,M1,176.35,5.33,34.37,2.46,49.17,79.57,38.99,5.98
2026-01-04 08:00:00,Tarde,M1,184.22,5.41,34.62,2.94,52.53,85.39,42.89,7.83
2026-01-04 09:00:00,Tarde,M1,179.34,5.08,40.33,2.54,41.7,90.14,41.89,4.52
2026-01-04 10:00:00,Noite,M1,176.94,6.01,30.8,3.14,67.81,84.81,42.86,4.99
2026-01-04 11:00:00,Manhã,M2,171.46,5.5,30.53,3.47,51.46,83.15,44.0,7.74
2026-01-04 12:00:00,Manhã,M2,179.64,5.83,34.46,3.72,67.31,81.55,39.49,7.94
2026-01-04 13:00:00,Manhã,M1,171.2,6.3,34.62,3.8,55.46,84.5,47.86,8.24
2026-01-04 14:00:00,Noite,M2,185.34,5.71,30.29,3.8,67.87,81.89,40.93,7.49
2026-01-04 15:00:00,Tarde,M3,189.08,6.1,30.71,2.85,57.31,82.99,40.27,6.61
2026-01-04 16:00:00,Manhã,M3,177.52,5.87,33.73,2.87,62.68,90.2,43.93,8.22
2026-01-04 17:00:00,Tarde,M2,182.01,6.3,29.35,3.05,61.47,74.88,34.65,5.13
2026-01-04 18:00:00,Manhã,M1,175.37,6.21,30.69,2.48,60.61,80.05,38.84,5.65
2026-01-04 19:00:00,Tarde,M3,178.36,5.69,32.29,2.7,58.13,87.58,45.92,6.53
2026-01-04 20:00:00,Tarde,M1,182.87,5.92,35.19,2.49,52.9,79.23,35.05,3.8
2026-01-04 21:00:00,Tarde,M1,178.81,6.47,30.07,2.47,72.24,81.01,46.47,7.44
2026-01-04 22:00:00,Manhã,M3,190.2,6.18,26.1,3.03,46.84,81.62,48.04,8.3
2026-01-04 23:00:00,Tarde,M2,178.09,5.37,25.87,2.88,55.04,78.34,40.52,7.08
2026-01-05 00:00:00,Manhã,M2,185.5,6.3,27.97,3.92,55.13,77.38,43.17,8.03
2026-01-05 01:00:00,Manhã,M2,180.99,5.51,27.8,3.24,58.62,83.87,46.48,6.01
2026-01-05 02:00:00,Manhã,M2,184.48,6.64,31.51,4.83,51.13,85.17,40.13,6.49
2026-01-05 03:00:00,Noite,M1,176.76,6.46,28.2,2.92,57.83,82.82,45.47,6.19
2026-01-05 04:00:00,Noite,M1,178.75,6.13,29.75,2.6,53.48,78.36,39.32,4.49
2026-01-05 05:00:00,Tarde,M1,178.42,6.07,29.52,2.8,40.76,81.24,40.09,5.93
2026-01-05 06:00:00,Manhã,M1,174.82,5.91,30.59,2.98,55.09,77.89,38.8,7.62
2026-01-05 07:00:00,Noite,M3,184.81,6.31,36.23,3.8,45.09,85.64,43.37,8.51
2026-01-05 08:00:00,Noite,M1,182.25,5.83,34.12,4.25,39.39,92.29,46.63,6.85
2026-01-05 09:00:00,Tarde,M2,183.47,6.11,32.05,2.51,56.23,83.86,41.26,7.1
2026-01-05 10:00:00,Tarde,M3,189.18,6.39,30.52,4.1,59.39,79.11,36.92,8.14
2026-01-05 11:00:00,Manhã,M3,188.75,5.75,30.61,3.65,59.74,83.37,37.67,7.58
2026-01-05 12:00:00,Manhã,M2,178.63,5.72,33.05,2.0,60.1,79.77,43.58,5.95
2026-01-05 13:00:00,Noite,M2,182.37,5.46,33.87,3.64,37.61,82.8,49.38,5.71
2026-01-05 14:00:00,Tarde,M3,178.38,5.52,29.1,4.39,42.75,78.48,43.57,6.88
2026-01-05 15:00:00,Manhã,M2,180.62,5.18,32.12,2.5,72.76,81.56,40.45,4.99
2026-01-05 16:00:00,Manhã,M3,178.5,6.33,25.5,3.49,45.58,82.83,45.06,5.0
2026-01-05 17:00:00,Tarde,M3,189.6,6.81,32.68,2.29,60.5,86.7,41.04,8.12
2026-01-05 18:00:00,Manhã,M3,183.32,6.64,34.44,2.62,48.82,86.23,40.49,6.87
2026-01-05 19:00:00,Noite,M1,177.91,5.27,31.1,3.53,55.72,77.98,38.17,5.53
2026-01-05 20:00:00,Noite,M2,186.47,6.33,37.81,2.77,49.3,87.25,47.63,7.44
2026-01-05 21:00:00,Tarde,M1,168.15,6.64,29.18,2.02,60.05,77.69,31.84,7.14
2026-01-05 22:00:00,Tarde,M2,170.43,5.79,32.7,3.26,56.23,80.67,45.19,7.93
2026-01-05 23:00:00,Tarde,M3,185.48,6.05,31.89,3.13,50.97,82.72,40.15,8.33
2026-01-06 00:00:00,Tarde,M2,180.8,5.1,31.68,2.77,45.55,83.98,40.36,6.48
2026-01-06 01:00:00,Tarde,M2,181.75,6.12,31.63,3.62,57.41,83.86,48.77,7.33
2026-01-06 02:00:00,Manhã,M1,172.37,5.52,32.34,1.99,44.09,81.88,39.14,8.49
2026-01-06 03:00:00,Tarde,M3,181.38,6.09,34.71,2.87,58.85,88.94,39.28,5.16
2026-01-06 04:00:00,Manhã,M1,189.02,5.3,36.41,2.91,78.64,86.5,41.48,7.32
2026-01-06 05:00:00,Tarde,M1,183.12,6.24,31.99,3.48,67.15,87.61,43.66,6.17
2026-01-06 06:00:00,Manhã,M1,179.85,6.46,34.61,3.67,61.47,85.74,40.23,5.98
2026-01-06 07:00:00,Manhã,M1,176.8,5.65,29.75,2.33,54.23,75.31,35.7,3.31
2026-01-06 08:00:00,Manhã,M2,178.53,5.49,34.45,3.76,37.55,80.01,38.54,5.77
2026-01-06 09:00:00,Tarde,M2,169.85,5.03,29.56,2.55,43.1,78.71,47.13,6.85
2026-01-06 10:00:00,Manhã,M1,180.29,5.88,35.49,4.08,66.55,82.58,42.3,7.57
2026-01-06 11:00:00,Noite,M1,183.23,5.74,39.07,2.01,47.89,87.75,43.8,5.86
2026-01-06 12:00:00,Tarde,M1,171.12,5.3,31.61,3.73,48.71,82.87,40.95,7.35
2026-01-06 13:00:00,Manhã,M1,175.69,6.2,24.98,2.34,53.51,81.57,39.36,6.72
2026-01-06 14:00:00,Tarde,M1,173.21,5.8,30.25,4.21,45.44,83.52,48.71,8.39
2026-01-06 15:00:00,Manhã,M2,175.67,5.52,35.94,3.51,43.96,82.96,41.25,5.81
2026-01-06 16:00:00,Noite,M1,179.27,5.75,33.77,2.09,54.55,77.25,40.23,4.63
2026-01-06 17:00:00,Tarde,M1,168.58,6.48,32.8,2.43,46.98,82.79,46.38,5.06
2026-01-06 18:00:00,Noite,M1,182.07,6.27,35.23,3.35,48.33,84.6,39.11,4.88
2026-01-06 19:00:00,Manhã,M2,184.27,5.94,33.55,3.84,47.97,84.68,39.62,6.06
2026-01-06 20:00:00,Tarde,M1,177.74,6.28,35.9,2.75,59.7,91.17,42.04,6.16
2026-01-06 21:00:00,Tarde,M1,166.6,5.48,34.94,2.83,52.91,86.03,42.0,7.45
2026-01-06 22:00:00,Noite,M3,176.52,6.01,36.87,4.03,53.39,87.77,43.04,6.42
2026-01-06 23:00:00,Tarde,M1,185.16,6.07,33.15,2.89,60.37,83.87,50.37,5.48
2026-01-07 00:00:00,Tarde,M2,166.61,5.79,34.9,2.19,53.72,81.08,43.34,8.18
2026-01-07 01:00:00,Manhã,M2,178.76,6.2,31.02,2.53,52.5,79.67,32.49,5.96
2026-01-07 02:00:00,Manhã,M1,173.1,5.65,30.08,2.96,59.23,78.8,43.31,7.72
2026-01-07 03:00:00,Tarde,M2,184.52,6.23,37.46,3.95,61.01,88.46,42.15,7.41
2026-01-07 04:00:00,Tarde,M3,178.12,6.25,32.69,4.63,53.68,84.26,42.17,5.34
2026-01-07 05:00:00,Manhã,M3,183.52,4.69,34.58,4.05,55.73,82.13,42.98,6.78
2026-01-07 06:00:00,Noite,M1,181.83,6.54,32.4,3.0,47.96,87.21,41.89,5.34
2026-01-07 07:00:00,Noite,M1,188.18,4.63,30.12,3.32,47.25,83.79,41.79,7.34
2026-01-07 08:00:00,Manhã,M1,177.99,5.72,32.04,2.33,61.92,78.18,44.45,5.93
2026-01-07 09:00:00,Tarde,M2,182.38,6.46,36.6,2.99,59.0,85.36,39.83,7.81
2026-01-07 10:00:00,Manhã,M2,173.07,5.86,33.78,2.52,59.1,82.73,38.21,7.83
2026-01-07 11:00:00,Tarde,M1,184.95,5.34,26.52,1.93,57.53,86.92,54.1,5.14
2026-01-07 12:00:00,Manhã,M1,175.2,5.51,31.31,3.03,55.42,80.13,39.14,7.54
2026-01-07 13:00:00,Tarde,M3,178.7,6.46,37.7,3.63,61.27,88.59,42.4,7.19
2026-01-07 14:00:00,Noite,M1,178.89,5.14,31.32,3.28,63.42,81.59,36.02,5.63
2026-01-07 15:00:00,Noite,M2,172.69,6.51,26.24,3.48,63.2,74.79,42.47,8.7
2026-01-07 16:00:00,Manhã,M2,181.64,5.98,38.06,3.27,54.09,81.55,38.27,5.93
2026-01-07 17:00:00,Noite,M1,183.84,5.46,34.18,3.19,67.48,87.92,40.23,5.51
2026-01-07 18:00:00,Manhã,M1,180.46,5.74,31.78,2.77,57.06,87.69,46.18,6.14
2026-01-07 19:00:00,Manhã,M1,171.06,5.54,30.81,3.09,60.69,82.28,43.89,8.13
2026-01-07 20:00:00,Tarde,M3,180.88,6.39,35.46,2.99,57.54,90.22,44.27,5.61
2026-01-07 21:00:00,Manhã,M1,182.71,6.33,30.27,3.06,57.22,84.03,34.92,6.26
2026-01-07 22:00:00,Noite,M1,169.61,5.23,35.67,3.27,48.38,87.14,49.35,7.27
2026-01-07 23:00:00,Noite,M1,173.63,5.82,33.74,2.33,61.31,78.98,37.23,7.43
2026-01-08 00:00:00,Manhã,M1,183.38,5.61,32.78,2.84,80.61,90.86,48.11,7.02
2026-01-08 01:00:00,Noite,M2,181.85,6.58,32.47,2.66,51.63,86.32,46.09,5.87
2026-01-08 02:00:00,Manhã,M1,181.06,5.39,31.44,2.43,55.64,82.4,44.31,6.02
2026-01-08 03:00:00,Tarde,M2,189.8,6.72,35.35,2.31,50.98,83.84,38.58,5.92
2026-01-08 04:00:00,Manhã,M2,182.84,5.99,29.23,3.99,50.61,83.01,42.61,5.75
2026-01-08 05:00:00,Noite,M3,184.79,5.48,26.81,4.25,68.9,75.62,40.12,5.56
2026-01-08 06:00:00,Manhã,M1,192.55,5.7,33.97,3.18,48.94,88.57,42.12,8.95
2026-01-08 07:00:00,Manhã,M3,180.43,5.64,34.02,4.88,50.73,81.18,41.0,5.51
2026-01-08 08:00:00,Tarde,M2,176.51,5.43,33.54,2.97,40.71,82.39,33.85,6.19
2026-01-08 09:00:00,Noite,M1,181.14,6.04,33.3,4.92,48.18,83.58,46.49,7.3
2026-01-08 10:00:00,Noite,M3,183.69,5.45,30.97,3.34,39.62,82.33,41.68,6.96
2026-01-08 11:00:00,Noite,M3,178.87,5.02,34.52,3.68,60.69,81.53,40.06,5.41
2026-01-08 12:00:00,Noite,M1,173.84,5.83,31.85,2.52,80.2,80.87,39.76,7.33
2026-01-08 13:00:00,Noite,M3,193.05,5.19,30.44,3.76,51.7,90.62,43.43,10.92
2026-01-08 14:00:00,Tarde,M2,182.13,5.66,31.0,3.68,40.0,86.2,38.42,8.0
2026-01-08 15:00:00,Manhã,M2,176.84,5.59,38.47,3.02,63.1,84.9,32.98,7.71
2026-01-08 16:00:00,Noite,M3,186.08,5.61,26.45,4.74,48.46,81.47,43.63,8.31
2026-01-08 17:00:00,Tarde,M1,178.45,6.9,33.6,2.97,66.69,86.75,44.08,5.16
2026-01-08 18:00:00,Manhã,M3,180.24,6.03,26.63,3.69,52.46,83.38,41.2,6.81
2026-01-08 19:00:00,Manhã,M1,181.81,6.11,31.65,2.16,49.31,79.6,37.41,5.11
2026-01-08 20:00:00,Noite,M3,175.04,5.2,30.61,3.79,53.4,81.3,42.36,7.98
2026-01-08 21:00:00,Manhã,M2,182.26,5.71,25.33,3.01,61.82,72.91,36.14,5.64
2026-01-08 22:00:00,Noite,M1,188.56,6.1,33.24,2.37,52.95,87.67,37.89,6.83
2026-01-08 23:00:00,Manhã,M2,182.83,5.54,30.78,2.56,50.53,88.39,39.0,6.07
2026-01-09 00:00:00,Manhã,M1,177.12,6.41,25.28,4.67,53.21,79.97,45.38,7.54
2026-01-09 01:00:00,Noite,M1,176.46,5.46,34.69,2.62,43.55,77.2,40.55,6.45
2026-01-09 02:00:00,Manhã,M1,176.95,5.87,36.59,1.78,58.57,86.46,40.21,4.95
2026-01-09 03:00:00,Manhã,M1,177.73,5.74,36.77,2.31,38.92,84.56,49.82,3.71
2026-01-09 04:00:00,Tarde,M1,177.11,6.07,33.15,2.76,51.0,81.57,43.41,7.75
2026-01-09 05:00:00,Noite,M1,183.58,5.71,32.15,3.18,61.83,86.04,43.36,9.48
2026-01-09 06:00:00,Manhã,M2,171.83,5.88,36.25,3.49,57.73,84.36,40.52,8.29
2026-01-09 07:00:00,Manhã,M2,184.81,5.89,37.38,3.57,60.31,84.87,39.61,5.73
2026-01-09 08:00:00,Noite,M2,178.6,5.67,35.63,2.65,54.41,80.71,33.25,4.86
2026-01-09 09:00:00,Noite,M1,180.88,6.22,28.99,3.04,65.53,82.95,45.87,6.7
2026-01-09 10:00:00,Tarde,M3,175.87,6.11,32.64,2.89,63.32,81.93,43.79,8.16
2026-01-09 11:00:00,Manhã,M2,187.14,5.96,33.41,2.67,59.02,81.65,41.28,5.74
2026-01-09 12:00:00,Manhã,M1,185.23,5.81,26.21,2.16,63.35,79.72,41.45,6.32
2026-01-09 13:00:00,Manhã,M1,183.8,6.36,33.5,1.97,61.75,86.36,44.94,6.18
2026-01-09 14:00:00,Manhã,M2,172.93,5.89,39.27,3.84,51.04,83.74,35.78,8.54
2026-01-09 15:00:00,Tarde,M1,183.15,5.86,34.05,3.28,42.9,79.96,39.64,5.73
2026-01-09 16:00:00,Manhã,M2,182.52,6.05,36.71,3.78,58.78,87.98,37.45,5.06
2026-01-09 17:00:00,Tarde,M3,173.47,6.76,32.59,3.53,59.91,75.8,49.09,8.21
2026-01-09 18:00:00,Tarde,M1,178.88,5.4,31.77,3.34,64.81,82.31,45.5,7.74
2026-01-09 19:00:00,Tarde,M1,180.82,6.35,33.22,1.57,46.57,79.86,33.19,4.51
2026-01-09 20:00:00,Manhã,M3,184.28,5.15,29.39,4.1,46.84,81.37,35.94,7.69
2026-01-09 21:00:00,Noite,M2,181.39,6.1,28.92,3.22,59.14,83.21,41.47,5.65
2026-01-09 22:00:00,Tarde,M1,180.46,6.71,36.05,3.24,54.36,88.32,40.11,4.91
2026-01-09 23:00:00,Noite,M3,188.87,6.22,36.39,3.77,38.03,83.65,36.7,8.67
2026-01-10 00:00:00,Manhã,M3,187.63,6.08,28.83,2.81,58.38,86.43,49.78,7.68
2026-01-10 01:00:00,Manhã,M2,166.16,5.75,35.1,2.05,38.33,83.21,43.25,8.08
2026-01-10 02:00:00,Noite,M2,178.91,6.01,31.72,4.88,46.49,78.09,43.9,11.82
2026-01-10 03:00:00,Tarde,M1,178.18,5.89,33.09,3.2,67.17,88.38,39.23,5.33
2026-01-10 04:00:00,Manhã,M1,170.24,5.65,33.47,3.28,71.42,78.56,44.89,7.87
2026-01-10 05:00:00,Tarde,M2,180.97,5.87,35.18,2.14,44.06,85.9,40.48,5.1
2026-01-10 06:00:00,Tarde,M1,185.24,6.09,32.26,2.11,52.04,85.08,40.87,5.47
2026-01-10 07:00:00,Noite,M2,175.07,5.65,36.51,2.59,55.38,86.13,44.44,7.34
2026-01-10 08:00:00,Manhã,M3,183.18,5.64,32.99,3.25,71.03,81.1,35.48,6.79
2026-01-10 09:00:00,Noite,M1,174.42,5.39,34.0,1.85,50.56,87.27,48.39,5.0
2026-01-10 10:00:00,Manhã,M2,177.14,6.18,29.33,2.1,50.71,76.62,42.73,5.59
2026-01-10 11:00:00,Tarde,M1,186.39,6.25,38.91,2.22,68.94,89.13,47.12,7.11
2026-01-10 12:00:00,Tarde,M3,178.79,6.1,33.5,3.56,51.63,80.94,37.7,7.16
2026-01-10 13:00:00,Manhã,M1,181.31,6.43,34.28,4.39,61.5,81.64,38.31,10.1
2026-01-10 14:00:00,Manhã,M2,171.14,6.04,26.85,3.02,41.71,78.8,37.35,7.67
2026-01-10 15:00:00,Tarde,M2,189.81,6.18,29.37,3.84,53.46,86.9,43.0,8.61
2026-01-10 16:00:00,Noite,M1,182.01,6.14,35.96,1.89,40.06,84.68,42.26,4.67
2026-01-10 17:00:00,Tarde,M2,179.59,5.96,32.92,2.96,45.5,85.41,40.14,4.59
2026-01-10 18:00:00,Noite,M2,183.38,5.76,25.88,3.82,62.55,79.47,37.94,7.43
2026-01-10 19:00:00,Noite,M2,173.45,7.0,35.32,2.81,54.55,79.8,36.93,6.54
2026-01-10 20:00:00,Tarde,M3,187.41,5.8,30.26,3.1,52.13,82.65,41.81,9.07
2026-01-10 21:00:00,Noite,M3,179.88,5.7,36.52,4.31,48.26,84.2,40.14,7.79
2026-01-10 22:00:00,Manhã,M2,179.48,6.2,31.72,2.89,53.01,80.08,39.26,6.28
2026-01-10 23:00:00,Manhã,M2,178.04,6.11,32.66,3.87,57.71,85.94,48.19,7.1
2026-01-11 00:00:00,Noite,M1,176.1,5.37,35.77,3.1,63.85,85.09,41.67,6.84
2026-01-11 01:00:00,Noite,M3,184.97,6.51,29.13,3.26,31.37,78.91,47.08,4.77
2026-01-11 02:00:00,Manhã,M2,181.78,5.96,28.82,3.44,47.51,76.19,39.87,5.81
2026-01-11 03:00:00,Tarde,M2,183.76,5.5,31.37,3.32,56.43,84.95,42.98,6.9
2026-01-11 04:00:00,Tarde,M1,178.96,6.53,34.65,3.51,54.11,81.87,41.78,6.39
2026-01-11 05:00:00,Noite,M3,184.07,6.28,27.74,3.12,58.63,80.7,35.21,7.2
2026-01-11 06:00:00,Tarde,M1,176.91,5.43,26.66,2.83,57.41,83.38,47.71,7.38
2026-01-11 07:00:00,Tarde,M2,191.65,6.8,34.64,3.06,52.26,82.7,41.46,7.36
2026-01-11 08:00:00,Manhã,M1,171.16,6.3,30.07,3.29,50.26,76.96,44.99,6.84
2026-01-11 09:00:00,Tarde,M3,187.8,6.0,30.74,2.78,52.79,88.09,38.99,8.71
2026-01-11 10:00:00,Tarde,M1,185.84,6.72,26.06,3.51,65.34,81.77,41.34,8.38
2026-01-11 11:00:00,Noite,M1,174.74,6.07,29.83,3.13,48.41,78.83,38.53,6.21
2026-01-11 12:00:00,Tarde,M3,192.65,5.99,31.98,2.58,54.43,83.8,46.94,7.97
2026-01-11 13:00:00,Manhã,M3,186.48,5.7,34.98,4.35,56.65,84.68,43.25,7.87
2026-01-11 14:00:00,Manhã,M1,183.86,6.26,29.53,4.36,69.04,79.23,43.47,7.79
2026-01-11 15:00:00,Noite,M2,180.64,6.21,37.3,3.8,52.3,90.14,47.43,6.7
2026-01-11 16:00:00,Noite,M2,179.41,6.01,29.81,4.1,63.63,80.62,46.63,9.49
2026-01-11 17:00:00,Manhã,M3,180.45,5.64,29.81,3.56,66.09,86.03,45.06,6.66
2026-01-11 18:00:00,Manhã,M1,180.95,6.06,36.92,1.64,54.43,83.35,36.31,5.64
2026-01-11 19:00:00,Tarde,M2,187.51,5.97,32.68,1.81,53.1,81.0,39.22,4.57
2026-01-11 20:00:00,Manhã,M2,181.41,5.4,30.23,3.28,52.04,80.1,37.98,5.61
2026-01-11 21:00:00,Noite,M2,175.94,5.34,31.5,2.69,52.7,74.95,44.91,7.73
2026-01-11 22:00:00,Manhã,M3,185.62,6.25,36.33,2.86,62.69,86.3,42.68,7.42
2026-01-11 23:00:00,Manhã,M2,185.11,4.83,36.69,3.06,57.08,84.7,36.44,2.33
2026-01-12 00:00:00,Noite,M1,182.27,6.09,29.39,3.23,57.12,84.36,41.25,7.06
2026-01-12 01:00:00,Manhã,M3,185.23,5.78,31.86,2.48,44.87,76.81,36.02,8.23
2026-01-12 02:00:00,Manhã,M3,180.15,6.59,32.29,3.19,46.29,86.72,41.79,3.3
2026-01-12 03:00:00,Manhã,M3,176.86,5.78,28.84,4.56,74.29,81.6,35.38,9.56
2026-01-12 04:00:00,Manhã,M1,174.66,6.3,31.82,2.05,53.4,86.33,44.12,3.06
2026-01-12 05:00:00,Manhã,M1,170.82,5.82,32.02,3.41,48.03,81.68,43.51,8.71
2026-01-12 06:00:00,Manhã,M2,181.68,6.05,35.65,2.76,67.88,90.36,49.63,6.19
2026-01-12 07:00:00,Manhã,M1,178.58,6.33,35.86,3.18,57.54,81.4,45.39,3.52
2026-01-12 08:00:00,Manhã,M3,179.3,5.79,30.95,4.27,60.2,84.11,40.31,7.23
2026-01-12 09:00:00,Tarde,M1,164.22,6.45,31.32,3.32,53.76,78.39,45.27,10.51
2026-01-12 10:00:00,Tarde,M2,174.26,5.55,34.13,3.74,52.13,76.88,36.41,7.74
2026-01-12 11:00:00,Tarde,M3,187.1,6.13,30.13,2.69,53.47,79.01,38.15,7.56
2026-01-12 12:00:00,Manhã,M1,175.68,6.42,33.88,3.58,42.56,83.71,43.33,6.1
2026-01-12 13:00:00,Tarde,M1,180.8,6.3,31.72,2.2,54.21,78.46,33.37,3.19
2026-01-12 14:00:00,Noite,M2,173.55,6.86,28.9,3.28,57.66,81.32,41.85,8.04
2026-01-12 15:00:00,Noite,M2,187.69,5.66,28.94,3.28,71.65,76.36,37.92,9.95
2026-01-12 16:00:00,Manhã,M2,179.78,5.38,36.63,3.44,55.77,79.33,42.41,7.35
2026-01-12 17:00:00,Manhã,M2,181.95,5.55,31.5,3.34,33.99,86.22,37.69,3.52
2026-01-12 18:00:00,Manhã,M3,193.13,6.3,37.25,2.91,54.15,91.49,43.7,6.74
2026-01-12 19:00:00,Manhã,M2,188.08,6.22,30.36,2.16,79.66,80.52,42.08,6.64
2026-01-12 20:00:00,Tarde,M1,177.47,6.05,32.93,3.41,62.8,84.55,47.6,4.91
2026-01-12 21:00:00,Tarde,M1,176.03,5.49,39.66,2.93,47.7,89.66,42.03,6.36
2026-01-12 22:00:00,Manhã,M1,177.37,6.35,28.62,3.6,60.32,81.25,38.93,7.16
2026-01-12 23:00:00,Manhã,M1,181.55,5.45,25.93,2.77,48.32,80.24,41.01,4.14
2026-01-13 00:00:00,Tarde,M1,178.47,6.52,36.12,1.82,42.82,87.03,36.62,5.66
2026-01-13 01:00:00,Manhã,M2,178.52,7.29,29.35,3.78,51.86,79.59,43.62,7.0
2026-01-13 02:00:00,Noite,M1,186.34,6.16,31.93,2.54,55.82,84.89,44.36,6.12
2026-01-13 03:00:00,Manhã,M3,180.93,6.26,30.13,3.74,38.15,84.65,51.88,5.59
2026-01-13 04:00:00,Noite,M1,190.5,5.78,32.86,2.35,44.66,84.02,39.51,5.04
2026-01-13 05:00:00,Manhã,M1,179.45,5.19,28.96,3.95,55.09,79.89,40.93,6.19
2026-01-13 06:00:00,Noite,M3,190.43,5.73,31.42,2.89,51.33,84.3,39.7,7.74
2026-01-13 07:00:00,Noite,M3,183.29,5.51,33.44,3.26,58.55,84.8,42.85,6.89
2026-01-13 08:00:00,Noite,M1,183.81,5.35,28.77,2.88,44.07,79.25,43.53,6.6
2026-01-13 09:00:00,Noite,M1,175.38,6.78,29.76,2.04,61.43,83.39,41.79,6.45
2026-01-13 10:00:00,Noite,M1,174.73,6.12,30.89,3.03,44.35,79.7,46.35,6.17
2026-01-13 11:00:00,Tarde,M2,182.8,6.17,27.43,4.23,69.78,79.82,39.53,7.77
2026-01-13 12:00:00,Noite,M2,185.44,5.86,30.65,2.76,39.56,83.44,45.94,7.28
2026-01-13 13:00:00,Manhã,M1,179.2,5.92,32.38,3.08,45.17,84.78,44.15,5.43
2026-01-13 14:00:00,Tarde,M1,172.57,6.43,30.72,1.0,58.76,74.69,41.95,6.4
2026-01-13 15:00:00,Tarde,M2,173.7,5.99,31.13,3.07,69.98,83.85,40.74,7.28
2026-01-13 16:00:00,Noite,M3,174.36,6.24,31.94,3.28,57.84,82.45,51.71,6.4
2026-01-13 17:00:00,Tarde,M2,171.66,5.91,29.9,2.53,60.07,83.29,38.73,7.85
2026-01-13 18:00:00,Tarde,M2,181.05,5.85,34.21,3.86,55.16,83.37,43.19,5.78
2026-01-13 19:00:00,Tarde,M1,184.63,5.37,36.6,2.57,45.76,85.56,39.0,6.64
2026-01-13 20:00:00,Manhã,M1,178.93,5.11,30.51,2.68,50.59,89.62,49.14,5.76
2026-01-13 21:00:00,Manhã,M1,167.7,5.88,33.55,4.81,44.09,81.79,45.55,12.91
2026-01-13 22:00:00,Tarde,M3,180.55,6.03,31.23,2.16,43.49,85.81,39.29,4.47
2026-01-13 23:00:00,Tarde,M3,180.69,5.42,33.17,2.71,58.62,84.5,44.05,5.24
2026-01-14 00:00:00,Manhã,M3,191.98,5.98,37.01,4.17,44.89,89.52,43.03,6.88
2026-01-14 01:00:00,Manhã,M3,174.21,6.02,33.63,2.02,57.88,82.65,39.93,6.75
2026-01-14 02:00:00,Manhã,M3,179.55,5.03,26.33,2.96,43.28,83.2,45.03,5.85
2026-01-14 03:00:00,Manhã,M3,190.03,5.59,33.45,3.22,57.67,84.04,43.56,9.04
2026-01-14 04:00:00,Manhã,M1,181.25,6.18,35.95,4.02,50.6,82.76,42.86,5.82
2026-01-14 05:00:00,Tarde,M1,181.82,6.17,31.29,3.34,67.66,81.08,41.83,8.68
2026-01-14 06:00:00,Manhã,M1,179.57,5.48,35.19,2.41,57.91,85.51,43.72,5.09
2026-01-14 07:00:00,Noite,M2,182.15,6.07,29.79,4.01,66.12,81.84,42.92,6.1
2026-01-14 08:00:00,Noite,M1,182.89,6.46,27.25,2.28,48.2,83.2,42.24,4.47
2026-01-14 09:00:00,Tarde,M3,177.45,6.35,32.45,4.21,55.51,86.16,39.44,5.05
2026-01-14 10:00:00,Manhã,M2,184.89,5.96,26.38,2.15,46.17,79.66,48.78,7.54
2026-01-14 11:00:00,Tarde,M2,173.63,5.79,31.23,3.85,51.28,78.28,37.8,8.95
2026-01-14 12:00:00,Noite,M1,180.64,5.72,36.12,2.52,52.64,81.6,43.71,6.05
2026-01-14 13:00:00,Tarde,M1,179.89,6.21,25.89,2.08,48.47,85.49,40.72,3.84
2026-01-14 14:00:00,Noite,M1,175.92,6.09,27.91,2.65,44.06,82.79,49.04,7.93
2026-01-14 15:00:00,Tarde,M3,181.39,6.28,28.7,3.69,42.28,82.07,38.39,5.59
2026-01-14 16:00:00,Tarde,M2,177.39,6.06,31.8,2.75,33.94,77.76,39.06,5.09
2026-01-14 17:00:00,Manhã,M2,175.14,6.37,30.83,3.49,45.49,80.61,38.12,8.28
2026-01-14 18:00:00,Noite,M1,177.23,6.04,36.48,2.39,60.65,86.92,43.29,6.71
2026-01-14 19:00:00,Manhã,M1,173.48,6.35,35.05,3.23,40.61,81.47,36.51,9.18
2026-01-14 20:00:00,Tarde,M2,182.11,6.39,33.58,3.41,42.69,87.1,40.09,6.24
2026-01-14 21:00:00,Noite,M3,175.75,5.64,32.47,3.46,71.12,87.37,33.39,6.94
2026-01-14 22:00:00,Manhã,M3,185.06,5.19,33.26,3.19,49.27,82.1,42.96,6.21
2026-01-14 23:00:00,Tarde,M1,173.09,6.69,29.24,2.91,57.89,76.77,40.0,5.11
2026-01-15 00:00:00,Manhã,M3,178.67,6.12,34.74,3.89,60.78,80.25,36.05,6.34
2026-01-15 01:00:00,Noite,M1,175.88,5.23,28.44,4.24,60.96,86.3,46.34,8.95
2026-01-15 02:00:00,Manhã,M3,188.13,5.68,34.67,4.16,41.3,87.85,36.77,8.43
2026-01-15 03:00:00,Noite,M1,180.65,6.35,35.8,3.48,52.92,85.7,45.19,6.02
2026-01-15 04:00:00,Manhã,M1,177.94,5.87,32.67,4.96,40.44,82.51,39.2,5.8
2026-01-15 05:00:00,Noite,M3,183.99,5.77,31.44,3.86,77.02,82.66,48.41,7.96
2026-01-15 06:00:00,Noite,M1,168.46,6.63,33.28,3.14,40.65,85.15,45.0,8.91
2026-01-15 07:00:00,Tarde,M2,180.28,5.53,22.84,3.59,45.57,75.97,37.97,6.33
2026-01-15 08:00:00,Noite,M2,190.49,5.64,32.97,2.39,45.63,83.82,38.33,7.47
2026-01-15 09:00:00,Noite,M1,179.66,6.1,31.64,2.49,41.53,85.27,44.42,4.06
2026-01-15 10:00:00,Noite,M2,180.84,6.18,31.84,2.75,67.17,82.34,40.95,6.94
2026-01-15 11:00:00,Manhã,M3,184.24,6.22,34.26,3.95,76.8,84.23,41.32,4.36
2026-01-15 12:00:00,Tarde,M3,185.98,6.41,31.76,3.38,50.72,85.35,47.09,7.45
2026-01-15 13:00:00,Manhã,M1,169.01,6.09,28.35,2.9,43.12,80.75,39.01,10.42
2026-01-15 14:00:00,Tarde,M2,172.09,6.22,31.55,3.86,34.87,86.46,42.37,5.64
2026-01-15 15:00:00,Manhã,M1,180.05,5.88,32.22,3.4,52.8,85.94,45.82,5.54
2026-01-15 16:00:00,Tarde,M1,175.43,6.03,32.37,2.69,52.15,85.7,45.24,6.31
2026-01-15 17:00:00,Tarde,M1,185.56,6.05,32.52,2.33,49.14,83.63,41.36,5.7
2026-01-15 18:00:00,Tarde,M3,179.92,6.1,35.33,4.29,56.99,82.5,40.84,7.66
2026-01-15 19:00:00,Tarde,M3,171.83,6.35,28.52,4.04,58.56,79.94,35.04,8.7
2026-01-15 20:00:00,Noite,M3,175.16,6.25,32.56,2.38,57.91,82.0,37.78,6.51
2026-01-15 21:00:00,Noite,M2,166.75,6.02,36.13,4.82,52.15,79.04,43.27,13.75
2026-01-15 22:00:00,Tarde,M2,179.33,5.64,26.45,3.22,45.09,78.8,41.45,5.67
2026-01-15 23:00:00,Tarde,M2,179.56,6.03,32.57,3.65,60.99,83.16,42.3,9.79
2026-01-16 00:00:00,Noite,M2,178.38,5.99,30.13,3.74,55.11,81.29,46.16,6.61
2026-01-16 01:00:00,Manhã,M2,185.89,6.09,30.81,3.3,63.0,86.77,37.25,7.55
2026-01-16 02:00:00,Manhã,M1,184.99,6.99,29.1,3.21,62.11,83.61,41.06,5.17
2026-01-16 03:00:00,Manhã,M1,178.15,5.76,31.46,2.84,42.2,86.78,42.75,4.94
2026-01-16 04:00:00,Tarde,M3,170.83,6.19,37.89,3.03,42.09,84.78,39.18,8.51
2026-01-16 05:00:00,Tarde,M2,183.59,6.48,27.95,2.92,48.2,83.2,47.73,4.66
2026-01-16 06:00:00,Noite,M3,184.28,6.04,28.26,3.51,45.49,79.91,45.63,4.22
2026-01-16 07:00:00,Tarde,M1,180.55,7.05,27.83,2.78,61.8,81.23,43.16,5.81
2026-01-16 08:00:00,Manhã,M2,185.41,5.83,37.53,4.12,58.16,88.95,49.18,10.12
2026-01-16 09:00:00,Noite,M1,173.18,6.15,30.52,2.52,64.89,75.46,36.0,7.13
2026-01-16 10:00:00,Noite,M1,189.04,5.64,31.92,2.84,58.57,83.06,41.97,7.28
2026-01-16 11:00:00,Manhã,M1,174.2,5.84,30.71,2.6,56.88,80.74,43.47,4.63
2026-01-16 12:00:00,Manhã,M1,182.75,6.11,28.98,2.63,65.8,82.26,38.34,6.78
2026-01-16 13:00:00,Manhã,M3,173.06,6.38,31.25,3.84,59.23,83.12,43.2,8.53
2026-01-16 14:00:00,Manhã,M1,174.35,6.14,39.87,2.04,55.61,83.56,37.57,4.28
2026-01-16 15:00:00,Manhã,M2,188.08,6.57,36.45,1.96,68.32,89.1,44.76,8.35
2026-01-16 16:00:00,Noite,M2,179.2,5.96,29.27,2.86,56.04,81.97,46.23,6.56
2026-01-16 17:00:00,Tarde,M2,184.7,5.85,34.07,3.63,52.26,76.75,43.09,8.21
2026-01-16 18:00:00,Tarde,M2,181.68,7.22,29.34,4.28,47.46,78.63,34.59,7.22
2026-01-16 19:00:00,Noite,M1,178.48,6.18,26.32,3.35,61.33,81.97,38.13,7.07
2026-01-16 20:00:00,Tarde,M3,188.32,5.68,35.26,2.47,66.13,81.91,44.26,8.04
2026-01-16 21:00:00,Noite,M3,180.32,5.69,35.71,3.34,54.54,85.56,42.08,6.87
2026-01-16 22:00:00,Noite,M2,171.6,5.58,35.35,3.28,66.77,85.49,31.22,6.06
2026-01-16 23:00:00,Tarde,M2,176.48,6.42,30.5,3.22,37.27,80.6,46.97,4.34
2026-01-17 00:00:00,Manhã,M1,181.76,5.84,31.47,3.18,54.5,83.27,42.55,5.28
2026-01-17 01:00:00,Noite,M3,183.48,6.06,34.4,2.86,54.64,80.31,38.72,6.12
2026-01-17 02:00:00,Tarde,M1,171.16,5.97,33.25,2.85,48.46,88.08,45.98,7.67
2026-01-17 03:00:00,Noite,M1,175.38,6.33,30.74,3.09,76.45,80.65,39.29,7.68
2026-01-17 04:00:00,Manhã,M1,176.09,5.62,26.82,3.38,54.4,79.0,39.25,7.98
2026-01-17 05:00:00,Noite,M3,179.67,5.52,32.36,2.94,51.33,87.66,43.43,6.88
2026-01-17 06:00:00,Tarde,M2,173.62,6.1,35.45,2.86,55.23,87.62,49.12,5.96
2026-01-17 07:00:00,Manhã,M3,178.36,6.27,28.17,1.61,36.97,79.69,48.49,4.78
2026-01-17 08:00:00,Tarde,M3,177.86,6.15,34.04,3.06,48.16,82.26,43.44,4.98
2026-01-17 09:00:00,Tarde,M1,182.86,5.64,33.06,2.43,63.85,86.15,43.85,5.98
2026-01-17 10:00:00,Manhã,M3,185.55,6.3,34.4,2.79,49.34,84.34,45.17,6.87
2026-01-17 11:00:00,Tarde,M2,179.77,5.67,34.79,3.22,47.54,76.98,36.97,1.86
2026-01-17 12:00:00,Noite,M2,178.54,5.77,29.78,3.06,66.79,82.1,44.58,8.98
2026-01-17 13:00:00,Manhã,M1,179.7,5.58,26.83,1.22,67.06,75.03,39.06,5.57
2026-01-17 14:00:00,Tarde,M3,177.42,6.59,30.29,3.65,59.65,86.86,43.27,6.08
2026-01-17 15:00:00,Tarde,M1,173.27,6.29,34.85,2.15,50.9,83.76,41.09,8.53
2026-01-17 16:00:00,Manhã,M1,174.3,6.27,30.27,3.14,52.84,78.91,44.0,6.5
2026-01-17 17:00:00,Noite,M2,177.33,6.56,29.78,2.2,47.76,79.42,42.47,5.6
2026-01-17 18:00:00,Noite,M1,173.18,7.27,26.17,2.82,46.05,70.0,30.0,6.18
2026-01-17 19:00:00,Manhã,M1,179.81,5.23,37.61,2.6,45.6,83.03,42.72,7.12
2026-01-17 20:00:00,Noite,M2,184.15,5.67,34.64,3.31,49.44,88.99,44.57,6.48
2026-01-17 21:00:00,Noite,M1,171.06,5.72,34.46,2.89,45.69,89.99,43.78,7.4
2026-01-17 22:00:00,Manhã,M3,181.63,5.62,35.1,3.32,40.93,87.17,41.59,7.13
2026-01-17 23:00:00,Noite,M1,177.9,5.52,33.85,1.72,56.97,85.1,48.57,6.04
2026-01-18 00:00:00,Manhã,M2,182.21,5.87,31.22,2.07,57.11,82.08,43.25,5.48
2026-01-18 01:00:00,Noite,M2,180.44,5.45,31.48,2.69,70.31,80.46,43.75,7.3
2026-01-18 02:00:00,Tarde,M2,173.23,6.15,30.63,3.09,48.98,88.35,46.18,9.76
2026-01-18 03:00:00,Tarde,M2,174.19,6.02,40.43,2.67,57.66,86.49,43.45,7.1
2026-01-18 04:00:00,Manhã,M2,180.65,6.22,33.78,3.54,57.81,89.64,38.41,6.3
2026-01-18 05:00:00,Noite,M3,186.64,6.23,30.52,3.3,52.72,85.22,32.25,7.38
2026-01-18 06:00:00,Manhã,M1,167.93,6.27,33.49,2.12,61.7,76.05,40.09,9.33
2026-01-18 07:00:00,Manhã,M1,180.73,5.83,28.77,2.61,61.98,80.22,45.04,5.05
2026-01-18 08:00:00,Manhã,M2,186.45,6.95,36.81,3.26,57.95,84.55,40.59,6.97
2026-01-18 09:00:00,Noite,M3,180.73,6.11,29.88,3.73,52.7,82.63,45.2,4.47
2026-01-18 10:00:00,Manhã,M1,181.75,5.16,33.6,4.11,51.78,84.26,42.59,5.53
2026-01-18 11:00:00,Noite,M2,176.98,5.55,35.41,2.63,42.69,94.71,47.15,5.17
2026-01-18 12:00:00,Tarde,M3,180.9,5.22,33.23,3.45,47.75,80.41,40.82,6.02
2026-01-18 13:00:00,Manhã,M2,172.4,6.01,32.3,3.4,49.4,83.05,43.87,9.31
2026-01-18 14:00:00,Manhã,M3,169.78,5.95,32.03,3.48,44.88,83.63,44.02,8.45
2026-01-18 15:00:00,Manhã,M2,185.21,5.79,31.82,2.75,58.96,85.44,48.01,5.7
2026-01-18 16:00:00,Tarde,M2,175.58,6.9,30.15,2.02,65.77,79.91,35.17,5.46
2026-01-18 17:00:00,Noite,M1,176.72,6.25,30.56,2.44,46.83,78.13,40.17,7.23
2026-01-18 18:00:00,Manhã,M3,174.57,6.33,36.73,2.75,57.55,85.89,45.39,7.95
2026-01-18 19:00:00,Noite,M1,171.95,5.58,31.65,1.59,45.69,84.54,48.18,6.28
2026-01-18 20:00:00,Manhã,M2,179.63,5.55,29.49,2.54,52.26,82.87,42.96,4.9
2026-01-18 21:00:00,Noite,M2,176.85,6.02,30.35,2.37,48.79,83.04,40.83,6.93
2026-01-18 22:00:00,Noite,M2,182.39,6.08,35.52,3.51,60.42,90.46,45.03,5.53
2026-01-18 23:00:00,Noite,M2,182.76,5.16,34.16,3.52,48.89,88.47,45.47,7.02
2026-01-19 00:00:00,Tarde,M2,182.1,5.92,33.79,2.47,64.1,84.32,40.56,8.49
2026-01-19 01:00:00,Noite,M3,182.69,6.01,31.18,3.32,52.79,79.95,43.32,6.56
2026-01-19 02:00:00,Manhã,M2,188.39,5.9,33.83,1.8,49.15,85.0,46.72,5.64
2026-01-19 03:00:00,Manhã,M2,175.16,5.63,29.94,2.75,43.72,82.33,49.56,6.68
2026-01-19 04:00:00,Manhã,M1,178.73,5.76,31.17,3.08,57.28,83.91,44.97,5.5
2026-01-19 05:00:00,Tarde,M2,186.16,5.92,35.1,3.68,63.06,84.53,42.18,6.1
2026-01-19 06:00:00,Noite,M2,186.82,6.04,34.8,2.6,57.46,83.01,41.78,7.69
2026-01-19 07:00:00,Tarde,M1,171.89,6.27,28.86,3.54,75.15,76.91,44.23,9.57
2026-01-19 08:00:00,Noite,M1,177.44,6.49,29.26,1.74,67.87,76.06,41.54,5.39
2026-01-19 09:00:00,Manhã,M2,187.29,5.87,32.35,2.23,52.23,84.09,42.76,6.2
2026-01-19 10:00:00,Noite,M2,183.04,5.79,37.52,3.6,52.14,81.22,37.77,5.52
2026-01-19 11:00:00,Manhã,M2,181.48,6.2,25.87,4.27,59.23,78.29,47.19,6.71
2026-01-19 12:00:00,Manhã,M1,177.91,6.27,32.89,3.15,47.46,80.89,37.44,5.31
2026-01-19 13:00:00,Tarde,M1,177.08,5.8,27.6,2.77,65.5,75.71,40.27,5.3
2026-01-19 14:00:00,Noite,M1,180.44,6.36,29.97,1.26,58.25,83.3,42.39,6.75
2026-01-19 15:00:00,Tarde,M3,180.24,6.44,30.83,2.08,57.31,86.71,49.96,5.64
2026-01-19 16:00:00,Manhã,M3,181.29,6.58,30.65,3.59,61.18,80.52,40.31,7.08
2026-01-19 17:00:00,Tarde,M1,179.39,6.8,30.29,2.55,70.51,80.07,39.34,6.88
2026-01-19 18:00:00,Manhã,M2,177.11,5.61,32.02,2.33,56.54,83.65,39.8,6.76
2026-01-19 19:00:00,Noite,M1,181.66,6.01,30.29,2.85,53.98,81.97,48.64,5.38
2026-01-19 20:00:00,Tarde,M1,193.57,6.01,27.32,2.88,68.58,77.81,30.75,9.22
2026-01-19 21:00:00,Manhã,M1,170.12,5.96,34.5,3.46,63.71,85.28,37.99,8.04
2026-01-19 22:00:00,Manhã,M1,180.62,5.71,34.41,2.9,52.11,89.92,52.93,6.1
2026-01-19 23:00:00,Manhã,M2,176.7,5.33,34.7,3.96,55.05,86.39,44.36,7.49
2026-01-20 00:00:00,Noite,M3,184.39,6.04,27.07,3.51,56.76,82.85,37.58,6.53
2026-01-20 01:00:00,Tarde,M1,179.23,5.65,32.96,2.72,58.26,77.51,41.83,4.27
2026-01-20 02:00:00,Noite,M2,184.31,6.04,34.16,3.85,42.79,89.19,42.27,6.89
2026-01-20 03:00:00,Tarde,M2,186.38,5.64,28.7,2.42,41.12,84.46,45.38,6.04
2026-01-20 04:00:00,Tarde,M3,182.46,5.51,32.03,5.47,47.01,88.43,49.36,5.53
2026-01-20 05:00:00,Manhã,M2,186.16,6.11,31.63,3.36,46.32,85.55,43.55,7.49
2026-01-20 06:00:00,Noite,M1,167.28,6.07,37.89,3.07,49.21,83.66,39.84,9.33
2026-01-20 07:00:00,Manhã,M2,188.45,6.26,38.16,3.47,60.71,87.97,45.15,10.72
2026-01-20 08:00:00,Tarde,M1,180.88,6.98,26.67,4.11,53.48,80.73,39.21,6.04
2026-01-20 09:00:00,Tarde,M3,186.89,6.12,39.98,4.05,56.77,86.76,37.87,7.26
2026-01-20 10:00:00,Tarde,M1,172.9,6.22,29.07,1.68,43.98,81.06,34.96,4.75
2026-01-20 11:00:00,Noite,M2,176.35,5.52,35.14,4.08,50.85,77.84,35.74,7.31
2026-01-20 12:00:00,Manhã,M1,179.73,5.42,35.11,2.56,60.29,82.24,38.41,5.89
2026-01-20 13:00:00,Tarde,M2,180.41,6.71,28.81,3.18,60.35,86.38,37.29,5.07
2026-01-20 14:00:00,Tarde,M3,182.92,5.58,33.58,2.6,48.48,82.93,43.25,5.67
2026-01-20 15:00:00,Tarde,M2,185.92,5.53,31.66,3.47,56.45,82.06,37.2,5.17
2026-01-20 16:00:00,Manhã,M2,171.67,5.98,33.77,2.64,74.79,76.93,30.0,8.81
2026-01-20 17:00:00,Manhã,M3,186.37,5.96,32.74,3.57,54.84,84.62,37.82,6.52
2026-01-20 18:00:00,Manhã,M3,181.54,5.59,35.83,3.3,48.76,82.8,40.11,5.98
2026-01-20 19:00:00,Manhã,M1,177.98,5.86,32.24,4.15,53.44,81.71,39.58,5.17
2026-01-20 20:00:00,Tarde,M2,173.14,6.55,31.46,4.49,55.83,85.64,48.08,7.46
2026-01-20 21:00:00,Tarde,M2,183.02,5.64,35.51,3.13,53.64,82.86,39.55,6.06
2026-01-20 22:00:00,Tarde,M2,168.43,5.37,33.86,3.14,54.72,85.29,45.52,8.37
2026-01-20 23:00:00,Tarde,M1,182.24,6.42,34.34,2.54,42.01,87.24,41.92,5.93
2026-01-21 00:00:00,Tarde,M1,171.54,6.22,29.87,3.57,46.34,83.53,41.83,9.16
2026-01-21 01:00:00,Manhã,M3,181.77,5.72,28.66,3.27,53.66,81.16,38.66,6.96
2026-01-21 02:00:00,Tarde,M3,180.9,5.29,30.18,3.21,53.51,91.93,41.76,7.13
2026-01-21 03:00:00,Manhã,M3,187.35,5.66,30.01,4.19,49.9,85.73,38.94,9.47
2026-01-21 04:00:00,Manhã,M3,180.61,5.98,34.52,3.12,53.41,85.74,42.68,6.39
2026-01-21 05:00:00,Tarde,M2,177.03,6.52,35.12,3.07,55.55,81.42,41.06,6.28
2026-01-21 06:00:00,Tarde,M3,178.97,5.53,31.5,2.39,63.0,81.41,38.22,6.88
2026-01-21 07:00:00,Manhã,M3,187.86,5.96,36.58,3.99,54.11,92.3,45.97,9.13
2026-01-21 08:00:00,Tarde,M2,183.18,6.3,36.38,4.46,58.59,91.64,43.71,8.07
2026-01-21 09:00:00,Tarde,M2,178.57,4.93,32.78,3.6,50.13,87.26,40.21,4.87
2026-01-21 10:00:00,Tarde,M1,177.82,6.47,29.37,3.82,60.15,83.76,42.58,5.84
2026-01-21 11:00:00,Tarde,M2,172.66,5.47,37.04,2.51,58.38,80.7,41.66,6.81
2026-01-21 12:00:00,Tarde,M1,180.94,6.15,31.8,2.97,62.79,83.76,38.53,6.88
2026-01-21 13:00:00,Manhã,M1,170.2,6.11,32.4,2.14,61.42,77.9,42.28,7.37
2026-01-21 14:00:00,Noite,M2,184.26,6.49,30.91,2.94,60.3,78.19,39.52,7.91
2026-01-21 15:00:00,Tarde,M2,181.14,6.25,29.15,3.64,54.11,81.51,38.22,7.69
2026-01-21 16:00:00,Tarde,M1,190.93,4.93,27.3,2.87,57.2,82.43,35.51,9.61
2026-01-21 17:00:00,Tarde,M3,176.0,5.65,34.03,2.51,64.57,85.85,40.57,7.83
2026-01-21 18:00:00,Manhã,M3,180.99,6.06,29.49,2.58,49.13,83.96,44.27,4.23
2026-01-21 19:00:00,Tarde,M1,187.99,5.91,41.79,1.83,49.34,90.82,39.22,6.96
2026-01-21 20:00:00,Noite,M1,184.96,6.21,28.52,3.14,56.63,81.65,52.08,6.16
2026-01-21 21:00:00,Noite,M1,175.52,6.36,27.98,4.24,58.74,80.65,45.54,5.69
2026-01-21 22:00:00,Noite,M3,182.62,6.27,33.63,4.45,47.58,81.25,47.22,6.58
2026-01-21 23:00:00,Tarde,M3,181.51,5.9,36.89,2.17,54.33,80.85,45.18,6.83
2026-01-22 00:00:00,Tarde,M1,180.41,5.17,32.21,3.79,54.15,87.36,49.41,6.91
2026-01-22 01:00:00,Noite,M3,178.01,5.8,33.83,4.16,35.06,80.7,38.85,8.41
2026-01-22 02:00:00,Manhã,M1,178.55,6.19,26.1,1.72,53.02,79.65,31.76,5.22
2026-01-22 03:00:00,Noite,M1,171.01,5.51,29.83,2.59,53.58,83.17,40.22,10.06
2026-01-22 04:00:00,Tarde,M3,182.18,6.28,28.56,4.27,53.56,80.3,44.23,7.05
2026-01-22 05:00:00,Manhã,M1,181.25,6.41,25.94,3.19,67.74,81.91,42.61,6.4
2026-01-22 06:00:00,Manhã,M1,177.86,6.06,32.37,1.88,44.06,81.21,43.1,3.61
2026-01-22 07:00:00,Noite,M2,172.42,4.62,24.82,3.53,47.58,73.57,47.28,9.02
2026-01-22 08:00:00,Manhã,M2,185.44,5.42,27.77,1.6,31.49,82.5,43.53,4.76
2026-01-22 09:00:00,Manhã,M3,183.32,6.85,30.28,3.34,50.67,82.14,45.2,5.71
2026-01-22 10:00:00,Manhã,M3,177.87,5.75,29.34,4.3,51.44,78.99,38.24,8.23
2026-01-22 11:00:00,Manhã,M1,177.6,5.11,33.27,2.81,50.41,88.2,37.62,7.39
2026-01-22 12:00:00,Manhã,M1,171.5,6.56,32.98,2.45,64.97,79.14,48.46,8.66
2026-01-22 13:00:00,Noite,M3,176.37,6.01,34.86,4.12,62.75,85.27,42.4,6.96
2026-01-22 14:00:00,Manhã,M1,176.31,6.5,34.41,3.48,55.7,80.15,39.51,6.69
2026-01-22 15:00:00,Noite,M3,187.64,6.12,35.65,4.42,51.66,88.59,39.51,8.04
2026-01-22 16:00:00,Noite,M2,177.3,6.21,31.99,3.71,64.24,82.86,39.4,7.79
2026-01-22 17:00:00,Manhã,M1,182.2,6.16,32.97,3.56,54.82,84.46,39.16,8.15
2026-01-22 18:00:00,Manhã,M3,178.81,6.31,33.64,4.01,47.64,79.67,36.87,6.7
2026-01-22 19:00:00,Tarde,M1,180.24,7.02,32.45,2.99,39.55,79.6,36.0,7.35
2026-01-22 20:00:00,Manhã,M2,179.79,6.44,30.73,3.16,51.03,84.95,41.22,6.62
2026-01-22 21:00:00,Manhã,M2,184.87,5.29,30.94,2.93,61.79,88.11,39.63,6.75
2026-01-22 22:00:00,Noite,M2,177.83,6.2,29.38,2.25,75.49,83.82,46.43,7.12
2026-01-22 23:00:00,Noite,M2,172.64,6.51,33.35,2.43,55.55,80.12,43.17,8.74
2026-01-23 00:00:00,Noite,M2,173.59,6.54,31.7,2.9,48.11,83.06,43.06,8.94
2026-01-23 01:00:00,Manhã,M3,178.84,5.81,29.88,3.67,44.34,88.26,39.03,7.28
2026-01-23 02:00:00,Tarde,M3,175.25,6.52,29.88,4.51,59.97,81.27,41.52,7.8
2026-01-23 03:00:00,Tarde,M2,182.55,6.42,28.13,3.07,39.12,86.18,43.44,5.49
2026-01-23 04:00:00,Tarde,M1,176.67,7.16,35.13,3.5,59.95,82.72,44.86,7.44
2026-01-23 05:00:00,Tarde,M2,192.37,5.66,32.25,3.86,62.36,85.25,41.62,10.99
2026-01-23 06:00:00,Manhã,M3,172.81,5.77,29.24,3.34,58.93,83.23,46.32,8.01
2026-01-23 07:00:00,Manhã,M1,180.02,5.86,34.59,3.22,53.02,85.73,42.03,6.19
2026-01-23 08:00:00,Tarde,M2,174.86,5.78,30.21,2.93,60.08,79.68,45.17,6.9
2026-01-23 09:00:00,Manhã,M2,178.03,5.6,27.5,4.03,56.54,77.35,40.04,6.45
2026-01-23 10:00:00,Manhã,M1,179.71,4.76,35.27,3.25,48.0,86.0,34.75,5.8
2026-01-23 11:00:00,Noite,M2,168.87,5.8,30.28,2.27,71.65,83.99,43.07,8.22
2026-01-23 12:00:00,Noite,M1,180.18,6.17,30.69,2.91,51.83,87.68,44.9,7.38
2026-01-23 13:00:00,Tarde,M3,191.01,5.78,32.13,4.65,61.98,91.14,44.3,9.05
2026-01-23 14:00:00,Noite,M3,179.23,6.87,35.66,3.37,33.23,85.8,43.69,5.42
2026-01-23 15:00:00,Noite,M3,182.8,6.01,32.06,3.81,66.49,82.36,40.61,6.14
2026-01-23 16:00:00,Manhã,M2,185.62,6.58,28.16,3.48,68.22,85.25,38.77,8.34
2026-01-23 17:00:00,Tarde,M1,178.18,6.12,33.74,2.07,55.27,86.42,44.21,6.91
2026-01-23 18:00:00,Tarde,M2,177.6,6.37,30.45,3.46,60.03,79.29,43.71,8.36
2026-01-23 19:00:00,Manhã,M3,170.12,6.13,38.04,2.52,60.03,80.98,39.76,7.84
2026-01-23 20:00:00,Noite,M2,183.7,6.62,32.0,2.66,49.21,86.35,46.44,6.65
2026-01-23 21:00:00,Tarde,M3,180.93,6.03,24.85,4.25,59.92,77.92,38.47,6.6
2026-01-23 22:00:00,Tarde,M1,173.94,6.22,33.14,3.05,47.72,81.97,39.67,7.33
2026-01-23 23:00:00,Manhã,M3,182.13,6.16,38.22,3.29,49.52,91.76,48.55,6.44
2026-01-24 00:00:00,Manhã,M1,176.08,5.87,37.04,3.11,65.14,88.31,45.47,6.9
2026-01-24 01:00:00,Noite,M1,176.36,6.18,37.86,2.76,63.77,89.3,40.57,6.66
2026-01-24 02:00:00,Manhã,M2,183.53,7.01,28.74,3.11,48.64,76.43,43.15,6.75
2026-01-24 03:00:00,Manhã,M1,172.31,5.88,34.92,3.26,48.4,84.24,42.62,6.94
2026-01-24 04:00:00,Manhã,M1,184.24,6.19,29.69,2.29,49.19,81.93,31.02,5.63
2026-01-24 05:00:00,Tarde,M1,172.01,6.57,32.72,5.33,61.59,76.57,38.37,15.03
2026-01-24 06:00:00,Tarde,M2,177.19,6.51,27.93,2.88,46.0,78.34,41.8,8.85
2026-01-24 07:00:00,Tarde,M3,191.11,6.01,29.94,2.39,58.21,81.09,40.57,6.42
2026-01-24 08:00:00,Manhã,M1,184.64,4.93,29.84,2.16,61.72,83.06,42.99,5.19
2026-01-24 09:00:00,Manhã,M2,180.99,6.23,34.88,4.2,54.21,90.87,46.52,5.52
2026-01-24 10:00:00,Noite,M3,176.8,5.0,34.56,3.77,64.09,89.68,40.71,7.24
2026-01-24 11:00:00,Tarde,M1,176.35,6.66,32.89,1.87,52.26,79.43,37.77,6.57
2026-01-24 12:00:00,Tarde,M1,179.37,6.08,27.68,1.72,53.08,82.51,43.3,5.5
2026-01-24 13:00:00,Tarde,M3,181.69,6.45,31.0,3.42,46.2,84.21,40.69,6.17
2026-01-24 14:00:00,Noite,M3,181.05,5.59,29.61,4.59,64.15,82.98,41.38,7.79
2026-01-24 15:00:00,Manhã,M2,180.35,5.3,34.78,2.97,48.1,85.6,40.83,4.86
2026-01-24 16:00:00,Manhã,M3,180.43,6.12,35.77,4.41,58.15,88.4,50.97,6.44
2026-01-24 17:00:00,Tarde,M1,171.79,5.98,35.38,3.05,54.36,86.3,33.04,7.39
2026-01-24 18:00:00,Manhã,M1,176.42,5.78,29.58,3.13,45.52,84.05,40.45,4.45
2026-01-24 19:00:00,Noite,M2,185.07,6.04,23.23,2.16,49.52,76.01,41.99,4.73
2026-01-24 20:00:00,Tarde,M1,172.16,7.25,26.35,3.46,67.45,80.18,38.88,6.76
2026-01-24 21:00:00,Noite,M3,180.55,6.38,36.55,3.27,56.81,89.28,45.6,6.79
2026-01-24 22:00:00,Noite,M2,176.4,6.47,30.72,3.7,45.92,83.5,45.25,6.85
2026-01-24 23:00:00,Tarde,M3,182.06,6.38,29.6,2.93,57.75,85.5,41.81,6.76
2026-01-25 00:00:00,Noite,M2,178.56,6.67,37.26,3.22,53.68,86.02,40.92,4.0
2026-01-25 01:00:00,Tarde,M1,186.39,5.91,36.05,3.05,85.0,86.97,41.55,6.3
2026-01-25 02:00:00,Noite,M1,181.53,5.08,32.08,2.69,57.57,83.68,41.58,6.8
2026-01-25 03:00:00,Manhã,M1,172.44,5.92,31.06,3.08,51.57,75.09,41.69,4.16
2026-01-25 04:00:00,Tarde,M3,184.86,6.37,31.58,3.31,67.78,83.31,41.25,8.6
2026-01-25 05:00:00,Tarde,M1,175.13,5.56,32.73,2.35,38.43,80.87,43.01,3.83
2026-01-25 06:00:00,Manhã,M1,176.12,5.92,37.12,3.92,55.85,82.41,45.01,8.01
2026-01-25 07:00:00,Tarde,M1,180.57,5.69,33.35,3.53,72.95,87.02,37.08,5.67
2026-01-25 08:00:00,Noite,M1,176.54,6.68,34.32,2.27,53.95,84.22,37.8,7.01
2026-01-25 09:00:00,Tarde,M3,185.96,6.34,35.74,3.9,39.4,84.39,35.01,10.56
2026-01-25 10:00:00,Manhã,M1,175.13,6.29,28.26,2.28,51.44,79.34,45.47,3.6
2026-01-25 11:00:00,Manhã,M3,178.41,6.28,34.42,2.67,68.09,85.28,43.0,6.89
2026-01-25 12:00:00,Manhã,M1,175.72,5.98,31.06,3.52,58.38,85.29,44.02,4.99
2026-01-25 13:00:00,Manhã,M2,177.67,6.09,23.95,1.91,47.45,74.34,36.28,5.64
2026-01-25 14:00:00,Noite,M2,186.0,5.47,25.19,3.75,48.83,82.2,49.14,7.11
2026-01-25 15:00:00,Tarde,M1,182.14,5.02,28.74,2.62,49.96,83.69,39.56,6.09
2026-01-25 16:00:00,Manhã,M3,190.05,6.07,33.7,3.35,58.25,80.2,42.67,7.13
2026-01-25 17:00:00,Tarde,M3,192.84,6.15,32.36,3.79,67.04,86.29,45.42,10.16
2026-01-25 18:00:00,Manhã,M3,176.35,6.54,32.59,3.91,64.47,80.49,38.05,5.68
2026-01-25 19:00:00,Manhã,M1,179.35,6.71,38.24,2.22,59.1,85.47,39.81,6.73
2026-01-25 20:00:00,Tarde,M1,173.12,6.71,27.94,3.3,43.02,78.3,42.72,6.5
2026-01-25 21:00:00,Tarde,M2,176.61,5.55,31.91,3.18,43.05,85.71,53.43,4.65
2026-01-25 22:00:00,Noite,M1,175.85,5.84,32.97,1.92,59.8,88.96,43.2,7.71
2026-01-25 23:00:00,Tarde,M2,175.21,6.22,29.64,2.98,42.89,81.58,48.43,6.2
