id_registro,data_coleta,maquina,turno,produto,temperatura_forno,pressao_linha,velocidade_esteira_m_min,vibracao_motor_mm_s,umidade_ambiente_pct,consumo_energia_kwh,consumo_energia_kwh_estimado,tempo_ciclo_s,taxa_defeitos_pct,pressao_linha_backup,planta,observacao_operador
1,01/01/2026 00:00,M-3, Noite,Peca A,175.2 C,93.0 psi,33.08,3.25,63.71,87.24,87.13,39.42,8.4,93.0 psi,Unidade_A,
2,2026-01-01 01:00:00,Maquina 2,manha,Peça B,166.8 C,91.3 psi,32.14,2.43,76.76,82.46,82.84,44.93,8.12,91.3 psi,Unidade_A,
3,,M-3,MANHA,Peça B,180.3 C,6.86 bar,35.98,3.7,,94.31,94.23,38.0,6.42,6.86 bar,Unidade_A,
4,2026/01/01 03:00,M 2,Tarde ,Peca B,179.6 C,5.66 bar,37.05,8.87,68.12,91.99,91.82,43.43,21.71,5.66 bar,Unidade_A,
5,01/01/2026 04:00,Máquina 1,Manha ,Peca A,350.4 F,5.38 bar,35.4,2.49,55.63,87.86,87.66,44.99,5.84,5.38 bar,Unidade_A,
6,2026-01-01 05:00:00,M-3, manhã,peça a,186.9 C,5.55 bar,29.18,4.03,62.25,86.36,86.02,41.65,7.16,5.55 bar,Unidade_A,
7,01-01-2026 06:00,,NOITE,Peca A,187.5 C,6.30 bar,32.6,2.79,40.17,85.94,86.25,46.04,,6.30 bar,Unidade_A,
8,2026/01/01 07:00,Maquina 3,Noite,Peça B,180.6 C,,33.32,,68.21,85.73,86.0,40.78,4.98,,Unidade_A,
9,01/01/2026 08:00,Maquina 1,NOITE,Peça C,168.3 C,"6,05 bar",26.57,2.9,62.08,86.34,86.46,,8.47,"6,05 bar",Unidade_A,
10,2026-01-01 09:00:00,Maquina 2,Manha ,peça a,183.6 C,79.7 psi,33.41,3.78,54.65,95.54,95.36,,6.59,79.7 psi,Unidade_A,
11,01-01-2026 10:00,M 1,tarde,Peca B,,"6,35 bar",38.82,3.6,60.81,95.76,96.13,46.07,5.34,"6,35 bar",Unidade_A,
12,2026/01/01 11:00,m3,Tarde,peça a,183.0 C,5.45 bar,33.92,3.12,,88.97,88.9,38.93,7.08,5.45 bar,Unidade_A,
13,01/01/2026 12:00,M-2,TARDE,A,365.7 F,6.52 bar,36.42,3.76,,91.02,90.96,43.4,,6.52 bar,Unidade_A,
14,2026-01-01 13:00:00,m3,TARDE,Peca A,175.7 C,7.29 bar,32.55,3.04,50.83,85.05,85.34,41.71,5.83,7.29 bar,Unidade_A,
15,01-01-2026 14:00,Maquina 2,Manha ,peça a,190.5 C,6.16 bar,31.78,4.34,38.33,95.51,95.65,37.79,8.58,6.16 bar,Unidade_A,
16,2026/01/01 15:00,M 1,Manhã,B,174.2 C,6.26 bar,33.14,2.06,62.76,86.72,87.16,39.56,6.18,6.26 bar,Unidade_A,
17,01/01/2026 16:00,Maquina 2,TARDE,Peça C,184.2 C,5.78 bar,29.55,4.01,65.72,96.23,96.28,47.53,6.46,5.78 bar,Unidade_A,
18,2026-01-01 17:00:00,m1,,peça a,170.6 C,5.19 bar,29.11,2.37,48.69,89.69,89.61,42.81,7.35,5.19 bar,Unidade_A,
19,01-01-2026 18:00,M 3, manhã,,erro,5.73 bar,35.8,4.86,58.13,83.44,83.31,37.96,6.85,5.73 bar,Unidade_A,
20,2026/01/01 19:00,, Noite,,,5.51 bar,36.12,3.53,52.61,90.64,90.27,43.22,6.78,5.51 bar,Unidade_A,
21,01/01/2026 20:00,M-3,Noite,peça c,180.2 C,5.35 bar,29.03,2.89,57.95,84.97,84.91,41.42,3.88,5.35 bar,Unidade_A,
22,2026-01-01 21:00:00,M1,Tarde,Peça B,183.2 C,6.78 bar,34.9,2.46,49.35,94.6,94.83,55.82,5.2,6.78 bar,Unidade_A,
23,01-01-2026 22:00,M-3,NOITE,Peça A,182.7 C,6.12 bar,31.74,4.06,47.05,89.17,89.29,43.14,7.05,6.12 bar,Unidade_A,
24,2026/01/01 23:00,Máquina 3,noite,Peça B,181.0 C,6.17 bar,33.02,4.23,64.47,97.84,97.84,40.48,5.92,6.17 bar,Unidade_A,
25,,Maquina 3,manha,Peça A,erro,"5,86 bar",33.38,3.5,54.43,89.43,89.23,47.68,10.21,"5,86 bar",Unidade_A,
26,2026-01-02 01:00:00,m1,Tarde,Peça C,352.1 F,5.92 bar,34.98,2.83,73.2,88.13,88.18,34.64,7.04,5.92 bar,Unidade_A,ruido no sensor
27,02-01-2026 02:00,M2,Tarde,peça a,171.6 C,6.43 bar,32.25,3.64,55.42,89.01,89.21,42.38,9.14,6.43 bar,Unidade_A,
28,2026/01/02 03:00,M 1,manha,B,175.0 C,5.99 bar,36.23,2.89,46.67,92.1,92.19,49.98,7.04,5.99 bar,Unidade_A,
29,02/01/2026 04:00,M-1,NOITE,Peca A,359.2 F,6.24 bar,32.93,1.96,66.04,89.61,89.64,41.54,7.11,6.24 bar,Unidade_A,
30,2026-01-02 05:00:00,Máquina 2,Tarde,A,182.5 C,5.91 bar,33.87,2.62,60.68,84.82,84.66,35.07,4.98,5.91 bar,Unidade_A,
31,02-01-2026 06:00,M-2,Tarde,peça c,172.7 C,5.85 bar,29.5,3.3,61.54,85.73,85.9,40.42,4.92,5.85 bar,Unidade_A,
32,2026/01/02 07:00,M3,manha,B,352.2 F,77.8 psi,38.48,4.34,65.72,94.69,94.07,47.82,6.74,77.8 psi,Unidade_A,parada curta
33,02/01/2026 08:00,M-1, manhã,peça a,176.1 C,5.11 bar,33.41,3.85,49.12,89.96,90.03,,7.53,5.11 bar,Unidade_A,
34,2026-01-02 09:00:00,Máquina 1, Noite,Peça C,177.2 C,5.88 bar,34.14,3.31,53.85,89.81,90.32,38.64,6.32,5.88 bar,Unidade_A,
35,02-01-2026 10:00,M-2,MANHA,peça c,344.5 F,6.03 bar,27.18,3.34,53.46,88.33,88.03,39.26,,6.03 bar,Unidade_A,
36,2026/01/02 11:00,Maquina 1,Manhã,peça a,175.9 C,5.42 bar,29.53,3.29,43.38,88.68,88.63,39.76,7.69,5.42 bar,Unidade_A,
37,,M-1,Manhã,peça b,175.4 C,5.98 bar,35.71,2.37,52.63,90.18,90.17,43.44,6.32,5.98 bar,Unidade_A,
38,2026-01-02 13:00:00,M-2,Tarde ,B,184.4 C,6.02 bar,32.86,8.74,67.03,87.99,87.9,47.35,24.98,6.02 bar,Unidade_A,
39,02-01-2026 14:00,m1,tarde,Peça B,,"5,03 bar",26.26,2.26,57.14,85.8,86.01,46.21,4.94,"5,03 bar",Unidade_A,
40,2026/01/02 15:00,m2,Tarde,peça a,179.8 C,5.59 bar,35.11,2.34,42.89,90.0,90.09,43.82,3.56,5.59 bar,Unidade_A,
41,02/01/2026 16:00,m2, manhã,A,178.5 C,6.18 bar,30.37,3.37,41.0,86.65,86.68,36.67,7.16,6.18 bar,Unidade_A,
42,2026-01-02 17:00:00,Máquina 3,MANHA,Peça C,360.0 F,6.17 bar,36.23,3.67,69.98,88.13,88.29,,6.77,6.17 bar,Unidade_A,
43,02-01-2026 18:00,M-2,noite,Peca C,176.4 C,5.48 bar,31.74,,54.19,85.58,85.59,44.13,6.07,5.48 bar,Unidade_A,
44,2026/01/02 19:00,Máquina 1,tarde,C,343.9 F,88.1 psi,32.61,3.15,49.17,82.38,83.02,36.62,6.3,88.1 psi,Unidade_A,
45,02/01/2026 20:00,m3,Tarde,Peça C,176.8 C,6.46 bar,35.54,3.71,52.53,84.5,84.53,41.1,5.86,6.46 bar,Unidade_A,
46,2026-01-02 21:00:00,m3,Tarde ,Peça B,178.3 C,92.1 psi,29.31,3.91,41.7,86.58,86.62,,5.29,92.1 psi,Unidade_A,
47,02-01-2026 22:00,M 1, Noite,B,173.2 C,5.96 bar,29.02,2.77,67.81,79.97,79.63,37.45,5.86,5.96 bar,Unidade_A,
48,2026/01/02 23:00,M 1,Manhã,Peça B,179.8 C,84.0 psi,31.41,3.07,51.46,84.04,83.93,37.9,3.79,84.0 psi,Unidade_A,
49,03/01/2026 00:00,M-2,Manha ,peça b,184.1 C,5.72 bar,34.48,2.68,67.31,89.38,89.61,41.62,6.23,5.72 bar,Unidade_A,
50,2026-01-03 01:00:00,m1,Tarde,B,171.1 C,6.21 bar,28.01,3.04,55.46,81.41,81.15,44.01,6.96,6.21 bar,Unidade_A,
51,03-01-2026 02:00,Máquina 1,MANHA,Peca A,179.1 C,6.09 bar,27.0,3.23,67.87,88.34,87.9,46.25,7.09,6.09 bar,Unidade_A,
52,2026/01/03 03:00,M1,NOITE,Peca B,352.2 F,"6,28 bar",34.47,2.36,57.31,92.36,92.37,44.43,5.71,"6,28 bar",Unidade_A,
53,03/01/2026 04:00,M-3,Tarde,Peca A,183.2 C,,30.19,3.58,62.68,86.78,87.05,42.29,6.94,,Unidade_A,
54,2026-01-03 05:00:00,Maquina 2,NOITE,Peca A,180.4 C,6.37 bar,30.82,2.74,61.47,85.89,85.9,39.02,4.62,6.37 bar,Unidade_A,
55,03-01-2026 06:00,Máquina 2,Noite,Peca B,,6.04 bar,26.43,2.81,60.61,84.79,84.72,37.72,6.85,6.04 bar,Unidade_A,
56,,M3,TARDE,peça a,,6.35 bar,29.96,2.82,58.13,83.86,83.49,39.96,6.79,6.35 bar,Unidade_A,
57,03/01/2026 08:00,M2,noite,A,357.2 F,6.39 bar,31.98,3.97,52.9,86.86,86.95,43.64,6.78,6.39 bar,Unidade_A,
58,2026-01-03 09:00:00,m2,Tarde,C,185.6 C,"5,64 bar",34.79,3.84,72.24,95.12,95.25,43.35,7.68,"5,64 bar",Unidade_A,
59,03-01-2026 10:00,M1, Noite,C,167.9 C,75.2 psi,29.69,3.15,46.84,85.16,84.81,33.6,9.52,75.2 psi,Unidade_A,
60,2026/01/03 11:00,Maquina 1,manha,Peça A,180.7 C,97.1 psi,36.97,4.08,55.04,92.09,92.32,38.86,6.22,97.1 psi,Unidade_A,
61,03/01/2026 12:00,,Tarde ,Peca A,186.4 C,88.7 psi,29.95,3.03,55.13,93.09,93.24,46.82,7.7,88.7 psi,Unidade_A,
62,2026-01-03 13:00:00,m2,Tarde ,A,179.7 C,??,29.95,5.12,58.62,81.69,81.91,42.32,6.66,??,Unidade_A,
63,03-01-2026 14:00,M-2,Manhã,peça b,183.3 C,5.68 bar,36.61,3.0,51.13,93.92,94.03,36.33,4.23,5.68 bar,Unidade_A,
64,2026/01/03 15:00,m3,,Peca C,,6.35 bar,32.63,3.72,,92.52,92.65,51.42,6.62,6.35 bar,Unidade_A,
65,03/01/2026 16:00,M2,noite,Peca A,179.9 C,5.87 bar,30.34,2.89,53.48,90.75,90.85,41.88,5.91,5.87 bar,Unidade_A,
66,2026-01-03 17:00:00,Máquina 2,,,342.3 F,5.77 bar,31.53,3.39,40.76,88.47,88.64,43.54,7.68,5.77 bar,Unidade_A,
67,03-01-2026 18:00,m2,MANHA,Peca A,335.8 F,6.63 bar,36.06,3.69,55.09,89.01,88.65,43.6,8.99,6.63 bar,Unidade_A,
68,2026/01/03 19:00,Maquina 1,manha,,362.7 F,5.53 bar,36.4,,45.09,90.28,89.97,40.53,5.52,5.53 bar,Unidade_A,
69,03/01/2026 20:00,Máquina 1,,Peca C,174.1 C,,29.55,3.95,39.39,86.42,86.27,39.09,6.29,,Unidade_A,
70,2026-01-03 21:00:00,M 2,manha,peça a,178.2 C,88.4 psi,31.87,,56.23,89.79,89.77,50.49,6.52,88.4 psi,Unidade_A,
71,03-01-2026 22:00,m1, Noite,,341.7 F,89.6 psi,32.27,2.98,59.39,90.96,91.03,46.01,7.78,89.6 psi,Unidade_A,
72,2026/01/03 23:00,Maquina 2,Tarde ,Peça A,173.5 C,"6,22 bar",29.04,2.56,59.74,82.04,82.1,45.29,6.16,"6,22 bar",Unidade_A,
73,04/01/2026 00:00,M 3,Manhã,B,180.6 C,"6,41 bar",31.83,3.82,60.1,87.71,87.93,44.31,7.25,"6,41 bar",Unidade_A,
74,2026-01-04 01:00:00,M-1,TARDE,Peca C,347.6 F,"6,09 bar",32.02,2.71,37.61,92.61,92.84,37.99,4.92,"6,09 bar",Unidade_A,
75,04-01-2026 02:00,M1, manhã,Peca C,180.9 C,6.22 bar,35.42,2.4,42.75,90.14,89.97,47.11,4.19,6.22 bar,Unidade_A,
76,sem data,m1,Manhã,peça a,181.3 C,85.3 psi,35.62,,72.76,88.94,88.98,38.63,7.18,85.3 psi,Unidade_A,
77,04/01/2026 04:00,,TARDE,peça a,180.6 C,87.4 psi,31.01,4.54,45.58,85.92,85.75,43.13,7.13,87.4 psi,Unidade_A,
78,2026-01-04 05:00:00,Máquina 2,Tarde ,peça b,181.7 C,6.05 bar,31.36,2.98,60.5,87.66,87.62,35.44,5.46,6.05 bar,Unidade_A,
79,04-01-2026 06:00,m2,Noite,Peça A,188.4 C,6.10 bar,33.99,2.2,48.82,86.62,86.68,33.84,6.95,6.10 bar,Unidade_A,
80,2026/01/04 07:00,m3,TARDE,peça c,176.2 C,,30.24,,55.72,86.78,86.1,43.27,6.47,,Unidade_A,
81,04/01/2026 08:00,m2,Tarde ,Peça B,180.2 C,6.25 bar,33.77,3.12,49.3,91.1,91.59,38.76,2.52,6.25 bar,Unidade_A,
82,2026-01-04 09:00:00,m2,noite,A,186.2 C,,31.74,3.51,60.05,85.22,85.33,34.04,6.39,,Unidade_A,
83,04-01-2026 10:00,Máquina 3,Noite,Peca C,187.8 C,"5,64 bar",29.09,3.91,56.23,91.73,91.61,44.16,7.91,"5,64 bar",Unidade_A,
84,2026/01/04 11:00,M 1,noite,Peca A,171.9 C,"6,03 bar",29.13,3.24,50.97,90.55,90.94,50.48,7.01,"6,03 bar",Unidade_A,
85,04/01/2026 12:00,M1,noite,Peca A,177.4 C,,36.34,2.38,45.55,95.09,95.02,47.56,5.49,,Unidade_A,
86,2026-01-04 13:00:00,Máquina 1,NOITE,Peca B,185.8 C,88.3 psi,31.53,3.02,57.41,89.64,89.66,40.97,7.93,88.3 psi,Unidade_A,
87,04-01-2026 14:00,Máquina 2,noite,peça b,361.5 F,"6,99 bar",36.92,2.58,44.09,101.4,101.31,42.04,5.15,"6,99 bar",Unidade_A,
88,2026/01/04 15:00,Maquina 2,manha,Peca B,181.5 C,5.76 bar,30.46,2.75,58.85,92.35,92.68,45.55,4.52,5.76 bar,Unidade_A,
89,sem data,M 1, Noite,Peça B,177.9 C,6.19 bar,32.87,2.2,78.64,90.94,90.92,,6.16,6.19 bar,Unidade_A,
90,2026-01-04 17:00:00,M2,TARDE,,178.6 C,94.0 psi,39.18,2.38,67.15,88.87,88.9,40.63,5.17,94.0 psi,Unidade_A,
91,04-01-2026 18:00,Máquina 1,Tarde ,Peca C,180.4 C,87.7 psi,28.83,3.49,150.0,86.85,87.09,,5.74,87.7 psi,Unidade_A,
92,2026/01/04 19:00,M2,TARDE,Peça B,179.2 C,7.05 bar,26.31,3.6,54.23,90.24,90.36,43.2,5.57,7.05 bar,Unidade_A,
93,04/01/2026 20:00,M 2, Noite,A,180.3 C,5.83 bar,35.86,3.78,37.55,96.38,96.37,44.22,,5.83 bar,Unidade_A,
94,2026-01-04 21:00:00,M-1,Noite,Peca B,179.4 C,6.15 bar,29.52,2.83,43.1,91.51,91.74,41.47,2.77,6.15 bar,Unidade_A,
95,04-01-2026 22:00,M1,,peça c,175.6 C,5.64 bar,31.94,3.3,66.55,89.9,90.41,41.52,6.55,5.64 bar,Unidade_A,
96,2026/01/04 23:00,, Noite,Peça A,183.2 C,5.84 bar,30.24,2.01,47.89,86.24,86.31,47.52,5.19,5.84 bar,Unidade_A,
97,05/01/2026 00:00,Máquina 1,Noite,Peca B,193.6 C,"6,11 bar",32.8,3.36,48.71,94.63,94.65,46.84,7.98,"6,11 bar",Unidade_A,
98,2026-01-05 01:00:00,M-1,manha,Peca A,170.1 C,6.38 bar,29.15,2.92,53.51,82.05,82.08,43.91,8.55,6.38 bar,Unidade_A,
99,05-01-2026 02:00,m1,MANHA,Peça A,180.6 C,,31.46,3.21,45.44,86.05,86.32,48.88,6.15,,Unidade_A,
100,2026/01/05 03:00,M3,MANHA,B,177.7 C,6.57 bar,33.35,3.8,43.96,89.07,88.95,40.45,6.08,6.57 bar,Unidade_A,
101,05/01/2026 04:00,M 3, Noite,Peca A,184.4 C,86.4 psi,28.98,2.91,,91.48,91.43,48.49,6.03,86.4 psi,Unidade_A,
102,2026-01-05 05:00:00,m2,TARDE,peça b,180.7 C,84.9 psi,29.9,2.18,46.98,91.06,90.75,44.17,4.57,84.9 psi,Unidade_A,
103,05-01-2026 06:00,M 1,Noite,peça c,182.8 C,??,30.96,2.34,48.33,94.06,93.82,55.08,5.24,??,Unidade_A,
104,2026/01/05 07:00,Maquina 3,TARDE,Peca C,187.4 C,,27.71,3.92,47.97,88.1,87.99,37.23,7.51,,Unidade_A,ruido no sensor
105,05/01/2026 08:00,Máquina 3, Noite,peça a,182.5 C,5.68 bar,30.73,4.0,59.7,84.68,84.67,39.24,6.57,5.68 bar,Unidade_A,
106,2026-01-05 09:00:00,,tarde,,186.2 C,5.69 bar,32.36,2.26,,90.2,90.55,43.68,,5.69 bar,Unidade_A,
107,05-01-2026 10:00,M 2, Noite,Peça B,168.8 C,"5,58 bar",30.8,2.51,53.39,81.71,81.82,43.59,8.54,"5,58 bar",Unidade_A,
108,2026/01/05 11:00,M1,Manha ,peça c,187.0 C,6.42 bar,31.19,2.33,60.37,85.91,85.73,49.8,5.45,6.42 bar,Unidade_A,
109,05/01/2026 12:00,M 1,Tarde ,Peça B,180.9 C,5.84 bar,31.94,2.57,53.72,90.17,90.02,39.33,4.11,5.84 bar,Unidade_A,
110,2026-01-05 13:00:00,, Noite,Peca C,186.9 C,6.06 bar,30.03,2.66,52.5,87.82,88.1,45.62,,6.06 bar,Unidade_A,
111,05-01-2026 14:00,M 2,Noite,Peca A,174.4 C,86.6 psi,34.07,2.23,59.23,92.53,92.75,46.65,7.11,86.6 psi,Unidade_A,
112,2026/01/05 15:00,m1, Noite,,174.8 C,,36.31,2.27,61.01,93.89,93.9,44.82,6.45,,Unidade_A,
113,05/01/2026 16:00,M 1,Manhã,Peça A,,5.62 bar,30.61,2.86,53.68,84.84,84.75,38.16,5.79,5.62 bar,Unidade_A,
114,2026-01-05 17:00:00,M2, manhã,peça a,180.4 C,5.52 bar,33.46,2.38,55.73,92.87,93.1,47.63,3.65,5.52 bar,Unidade_A,
115,05-01-2026 18:00,M-1,,Peca B,180.4 C,6.10 bar,31.28,2.72,47.96,87.82,87.62,46.92,6.8,6.10 bar,Unidade_A,
116,2026/01/05 19:00,Maquina 3,manha,Peça A,368.5 F,"6,27 bar",33.1,4.24,47.25,85.71,85.79,44.4,7.07,"6,27 bar",Unidade_A,
117,05/01/2026 20:00,M 3,Tarde,Peça A,342.8 F,6.15 bar,36.7,2.7,61.92,90.1,90.55,42.82,7.24,6.15 bar,Unidade_A,
118,2026-01-05 21:00:00,M2,tarde,peça a,185.4 C,5.64 bar,33.53,3.02,59.0,89.3,89.34,42.9,7.65,5.64 bar,Unidade_A,
119,05-01-2026 22:00,M2,noite,peça a,180.5 C,6.30 bar,26.68,,59.1,84.63,84.48,41.69,5.1,6.30 bar,Unidade_A,
120,,Maquina 2,NOITE,peça b,179.5 C,,33.36,2.88,57.53,95.87,95.95,44.56,4.89,,Unidade_A,
121,06/01/2026 00:00,M2,Noite,peça a,173.1 C,"5,77 bar",35.7,,55.42,84.54,84.44,42.12,7.04,"5,77 bar",Unidade_A,
122,2026-01-06 01:00:00,Máquina 2,Noite,B,183.0 C,80.9 psi,31.34,3.91,61.27,89.0,88.72,38.61,9.77,80.9 psi,Unidade_A,
123,06-01-2026 02:00,M1,MANHA,C,166.9 C,6.59 bar,34.99,2.6,63.42,83.24,83.38,37.81,8.77,6.59 bar,Unidade_A,
124,2026/01/06 03:00,M 2,Manha ,A,183.7 C,??,29.93,3.87,63.2,90.14,90.36,38.99,8.63,??,Unidade_A,
125,06/01/2026 04:00,Maquina 1,tarde,A,171.5 C,"6,27 bar",27.54,3.08,54.09,85.84,85.78,42.89,8.63,"6,27 bar",Unidade_A,
126,2026-01-06 05:00:00,M 2,noite,C,180.8 C,??,32.42,2.93,67.48,90.07,90.0,41.89,6.1,??,Unidade_A,
127,06-01-2026 06:00,M1,,Peca C,178.4 C,"7,27 bar",26.73,3.11,57.06,83.07,82.88,42.86,4.81,"7,27 bar",Unidade_A,
128,2026/01/06 07:00,m1,tarde,peça b,184.8 C,5.23 bar,31.28,3.01,60.69,87.51,87.48,44.0,7.92,5.23 bar,Unidade_A,
129,,M-1,tarde,peça c,178.1 C,5.67 bar,35.86,,57.54,92.18,92.07,39.49,,5.67 bar,Unidade_A,
130,2026-01-06 09:00:00,M2,manha,Peça A,350.7 F,5.72 bar,26.27,2.79,57.22,92.21,92.01,47.86,7.56,5.72 bar,Unidade_A,
131,06-01-2026 10:00,M1,tarde,peça a,176.5 C,5.62 bar,28.16,2.83,48.38,87.09,87.47,40.93,6.14,5.62 bar,Unidade_A,
132,2026/01/06 11:00,m3,noite,peça b,187.9 C,5.52 bar,28.9,3.51,61.31,85.41,85.51,40.27,5.22,5.52 bar,Unidade_A,
133,06/01/2026 12:00,Máquina 2,TARDE,peça a,183.2 C,"5,87 bar",31.81,3.61,80.61,90.74,90.85,43.93,6.8,"5,87 bar",Unidade_A,
134,2026-01-06 13:00:00,Máquina 1,manha,B,177.1 C,5.45 bar,30.9,2.13,,92.54,92.72,34.65,6.11,5.45 bar,Unidade_A,
135,06-01-2026 14:00,M2, Noite,peça b,354.8 F,6.15 bar,36.2,3.81,55.64,89.92,90.08,38.84,5.79,6.15 bar,Unidade_A,
136,2026/01/06 15:00,M1,Manha ,B,171.2 C,6.02 bar,34.86,3.1,50.98,93.83,93.74,45.92,8.17,6.02 bar,Unidade_A,
137,06/01/2026 16:00,Maquina 3,NOITE,B,erro,,33.49,2.69,50.61,85.73,85.78,35.05,4.96,,Unidade_A,
138,2026-01-06 17:00:00,M-2,MANHA,,171.7 C,6.23 bar,32.44,3.94,68.9,88.37,88.32,-5.0,7.05,6.23 bar,Unidade_A,
139,06-01-2026 18:00,Máquina 3,Tarde ,Peca A,185.3 C,91.0 psi,33.18,5.0,48.94,93.91,94.0,48.04,7.77,91.0 psi,Unidade_A,
140,2026/01/06 19:00,m1,tarde,Peça A,179.6 C,,29.41,3.45,50.73,87.98,88.05,40.52,5.6,,Unidade_A,
141,06/01/2026 20:00,M-2, manhã,Peca B,192.4 C,"6,95 bar",34.57,4.08,40.71,90.42,90.35,43.17,8.43,"6,95 bar",Unidade_A,
142,2026-01-06 21:00:00,,Noite,peça a,,6.11 bar,28.66,8.99,48.18,84.85,84.58,46.48,22.02,6.11 bar,Unidade_A,
143,06-01-2026 22:00,m3,Manhã,A,181.0 C,74.9 psi,34.51,2.47,39.62,92.46,92.48,40.13,4.17,74.9 psi,Unidade_A,
144,sem data,Máquina 2, manhã,A,189.5 C,5.55 bar,35.56,1.95,60.69,96.89,96.85,45.47,7.47,5.55 bar,Unidade_A,
145,07/01/2026 00:00,, manhã,peça a,186.5 C,"5,22 bar",32.63,3.32,80.2,93.94,93.56,,8.04,"5,22 bar",Unidade_A,
146,2026-01-07 01:00:00,Maquina 1,Tarde,peça c,175.5 C,6.01 bar,31.47,2.42,51.7,92.28,92.38,40.09,4.35,6.01 bar,Unidade_A,
147,07-01-2026 02:00,M1,NOITE,A,356.2 F,5.95 bar,33.2,2.21,40.0,88.67,88.86,38.8,3.05,5.95 bar,Unidade_A,
148,2026/01/07 03:00,Maquina 2,NOITE,peça c,180.5 C,5.79 bar,23.42,3.11,63.1,83.89,84.39,43.37,5.7,5.79 bar,Unidade_A,
149,07/01/2026 04:00,M-2,manha,Peça A,359.4 F,6.90 bar,32.91,3.55,48.46,94.88,94.8,46.63,,6.90 bar,Unidade_A,
150,2026-01-07 05:00:00,,TARDE,peça b,175.5 C,6.25 bar,31.66,,66.69,89.45,89.34,41.26,6.47,6.25 bar,Unidade_A,
151,07-01-2026 06:00,M-3,Manha ,Peca A,181.1 C,6.33 bar,31.85,,52.46,84.26,84.04,36.92,3.93,6.33 bar,Unidade_A,
152,,M3,TARDE,peça a,173.5 C,5.58 bar,34.12,4.53,49.31,83.96,84.0,37.67,4.8,5.58 bar,Unidade_A,
153,07/01/2026 08:00,,NOITE,peça c,355.4 F,80.5 psi,31.78,2.1,53.4,90.37,90.41,43.58,5.52,80.5 psi,Unidade_A,
154,2026-01-07 09:00:00,M2,Tarde ,Peca C,361.0 F,87.3 psi,28.58,3.72,61.82,89.12,88.96,49.38,6.54,87.3 psi,Unidade_A,parada curta
155,07-01-2026 10:00,M 1,Tarde,Peca C,177.9 C,6.08 bar,31.58,2.48,52.95,88.35,88.32,43.57,6.54,6.08 bar,Unidade_A,
156,2026/01/07 11:00,M-2,TARDE,Peça A,342.4 F,5.16 bar,32.2,3.5,50.53,89.94,89.54,40.45,6.78,5.16 bar,Unidade_A,
157,07/01/2026 12:00,Máquina 1,noite,Peca A,183.9 C,5.92 bar,32.34,3.51,53.21,92.76,92.94,45.06,6.93,5.92 bar,Unidade_A,
158,2026-01-07 13:00:00,Maquina 2,,B,182.3 C,"6,01 bar",32.49,3.63,43.55,93.01,92.86,41.04,6.86,"6,01 bar",Unidade_A,
159,07-01-2026 14:00,M-2,manha,peça a,176.9 C,"5,90 bar",35.12,3.74,58.57,83.28,83.28,40.49,6.22,"5,90 bar",Unidade_A,
160,2026/01/07 15:00,Maquina 3, manhã,B,180.1 C,5.63 bar,28.74,2.8,38.92,86.6,86.32,38.17,4.4,5.63 bar,Unidade_A,
161,07/01/2026 16:00,,Manha ,B,171.5 C,5.76 bar,32.53,3.52,51.0,90.94,90.82,47.63,7.71,5.76 bar,Unidade_A,
162,2026-01-07 17:00:00,M3,manha,B,176.4 C,"5,92 bar",35.87,3.0,61.83,82.18,82.13,31.84,6.89,"5,92 bar",Unidade_A,
163,07-01-2026 18:00,Máquina 1,Manha ,Peça C,176.3 C,87.6 psi,26.8,2.97,57.73,84.25,84.25,45.19,,87.6 psi,Unidade_A,
164,2026/01/07 19:00,M 1,Tarde,Peca B,365.3 F,,32.54,2.97,60.31,86.82,86.92,40.15,7.64,,Unidade_A,
165,07/01/2026 20:00,,tarde,Peça A,177.3 C,6.49 bar,30.24,3.47,54.41,86.76,87.04,40.36,5.8,6.49 bar,Unidade_A,
166,2026-01-07 21:00:00,m1,manha,Peça A,182.2 C,5.87 bar,30.89,3.02,65.53,95.4,95.55,48.77,4.77,5.87 bar,Unidade_A,
167,07-01-2026 22:00,M-3,TARDE,Peça B,178.8 C,"5,79 bar",29.29,3.0,63.32,92.22,92.41,39.14,7.76,"5,79 bar",Unidade_A,
168,2026/01/07 23:00,M-3,noite,Peca B,182.7 C,6.20 bar,31.49,2.67,59.02,85.63,85.92,39.28,5.23,6.20 bar,Unidade_A,
169,08/01/2026 00:00,Máquina 1,NOITE,Peça A,352.9 F,"6,27 bar",37.52,3.37,63.35,92.44,92.56,41.48,5.6,"6,27 bar",Unidade_A,
170,,Maquina 3,TARDE,A,185.9 C,5.80 bar,28.21,3.67,61.75,90.05,90.04,43.66,7.31,5.80 bar,Unidade_A,
171,,Máquina 1,Manhã,peça b,349.4 F,6.36 bar,28.49,,51.04,86.74,86.95,40.23,6.54,6.36 bar,Unidade_A,
172,2026/01/08 03:00,M 2,Noite,,172.6 C,6.44 bar,28.09,3.12,42.9,84.48,84.7,35.7,6.51,6.44 bar,Unidade_A,
173,08/01/2026 04:00,M-1,manha,,172.1 C,"6,58 bar",37.18,1.89,58.78,89.48,89.61,38.54,6.55,"6,58 bar",Unidade_A,
174,2026-01-08 05:00:00,,manha,A,,6.80 bar,30.61,4.18,59.91,94.27,93.98,47.13,6.47,6.80 bar,Unidade_A,
175,08-01-2026 06:00,Maquina 1, Noite,Peça A,343.0 F,5.61 bar,31.92,2.56,130.0,90.51,90.34,42.3,7.27,5.61 bar,Unidade_A,
176,2026/01/08 07:00,M 1,tarde,Peca B,181.1 C,"6,01 bar",30.79,3.02,46.57,85.57,85.51,43.8,2.99,"6,01 bar",Unidade_A,
177,sem data,M-2,noite,Peca A,352.7 F,6.01 bar,29.17,2.73,46.84,88.89,89.05,40.95,7.22,6.01 bar,Unidade_A,
178,2026-01-08 09:00:00,m3,TARDE,peça b,380.1 F,5.96 bar,31.29,8.53,59.14,92.81,92.8,,23.11,5.96 bar,Unidade_A,
179,08-01-2026 10:00,M-3,Tarde ,peça b,172.8 C,82.8 psi,39.37,2.98,130.0,93.81,94.04,48.71,7.66,82.8 psi,Unidade_A,
180,2026/01/08 11:00,Maquina 2,Manha ,,,77.3 psi,36.18,2.93,38.03,94.16,94.42,41.25,3.99,77.3 psi,Unidade_A,
181,08/01/2026 12:00,M 3,MANHA,peça a,175.9 C,6.04 bar,29.44,3.62,58.38,86.52,86.76,40.23,6.36,6.04 bar,Unidade_A,
182,2026-01-08 13:00:00,Máquina 3, manhã,Peça A,179.0 C,5.65 bar,33.94,2.84,38.33,91.29,91.54,46.38,4.37,5.65 bar,Unidade_A,
183,08-01-2026 14:00,M2, manhã,peça c,,6.04 bar,29.51,3.36,46.49,87.09,86.88,39.11,7.09,6.04 bar,Unidade_A,
184,2026/01/08 15:00,Maquina 1,Noite,B,167.4 C,81.8 psi,26.67,3.85,67.17,76.64,76.74,39.62,8.81,81.8 psi,Unidade_A,
185,08/01/2026 16:00,M3,Manhã,peça a,182.7 C,5.51 bar,35.06,3.23,71.42,90.44,90.32,42.04,7.39,5.51 bar,Unidade_A,
186,2026-01-08 17:00:00,M-2,tarde,peça c,190.0 C,"6,11 bar",35.48,3.41,44.06,90.34,90.01,42.0,7.14,"6,11 bar",Unidade_A,parada curta
187,08-01-2026 18:00,M 1, Noite,Peça B,176.7 C,"6,07 bar",35.14,1.01,52.04,86.27,86.21,43.04,4.17,"6,07 bar",Unidade_A,
188,2026/01/08 19:00,M 1, Noite,Peça B,356.5 F,"6,26 bar",30.59,2.77,55.38,94.77,95.03,50.37,4.96,"6,26 bar",Unidade_A,
189,08/01/2026 20:00,M2,TARDE,Peça C,185.6 C,"6,98 bar",31.5,2.95,71.03,91.39,91.48,43.34,8.33,"6,98 bar",Unidade_A,
190,2026-01-08 21:00:00,M1,TARDE,Peça A,178.2 C,88.8 psi,34.25,2.27,50.56,86.42,86.82,32.49,3.22,88.8 psi,Unidade_A,
191,08-01-2026 22:00,Máquina 3,Noite,Peca A,178.6 C,"6,22 bar",33.17,4.25,50.71,87.6,87.64,43.31,5.08,"6,22 bar",Unidade_A,
192,2026/01/08 23:00,M-1,TARDE,B,167.6 C,5.52 bar,30.82,2.59,68.94,86.47,86.96,42.15,6.6,5.52 bar,Unidade_A,
193,09/01/2026 00:00,M-1,Noite,Peca A,,"5,42 bar",27.14,2.68,51.63,89.64,89.67,42.17,4.59,"5,42 bar",Unidade_A,
194,2026-01-09 01:00:00,M 3,,peça b,180.9 C,6.71 bar,32.34,3.3,61.5,86.77,86.78,42.98,,6.71 bar,Unidade_A,
195,,M 1,Noite,A,345.1 F,5.58 bar,35.24,1.55,41.71,88.96,88.7,41.89,3.92,5.58 bar,Unidade_A,
196,2026/01/09 03:00,M 1,Manhã,A,355.3 F,5.53 bar,28.41,2.06,53.46,89.27,89.49,41.79,4.05,5.53 bar,Unidade_A,
197,09/01/2026 04:00,,Tarde ,peça a,177.6 C,5.98 bar,33.92,3.77,,84.0,83.9,44.45,4.03,5.98 bar,Unidade_A,
198,2026-01-09 05:00:00,M 3, manhã,A,178.9 C,5.96 bar,32.99,2.18,45.5,88.05,87.92,39.83,3.73,5.96 bar,Unidade_A,
199,09-01-2026 06:00,Máquina 1,TARDE,Peca A,359.7 F,5.59 bar,34.25,2.3,62.55,87.71,87.96,,,5.59 bar,Unidade_A,
200,2026/01/09 07:00,M 1,NOITE,Peca A,172.3 C,5.86 bar,34.62,2.54,54.55,91.6,91.83,54.1,7.27,5.86 bar,Unidade_A,
201,09/01/2026 08:00,Maquina 3,Tarde,Peca C,186.7 C,,29.92,4.68,52.13,86.54,86.77,39.14,8.25,,Unidade_A,
202,2026-01-09 09:00:00,M3,TARDE,,174.5 C,5.64 bar,27.15,4.05,48.26,85.61,85.54,42.4,6.28,5.64 bar,Unidade_A,
203,09-01-2026 10:00,Máquina 2,Manha ,Peca A,177.2 C,??,30.4,,53.01,91.21,91.2,36.02,4.41,??,Unidade_A,
204,2026/01/09 11:00,M 1,NOITE,A,371.5 F,6.42 bar,34.67,3.65,57.71,90.82,90.81,42.47,6.81,6.42 bar,Unidade_A,
205,09/01/2026 12:00,m1,manha,Peça A,184.6 C,"6,22 bar",30.37,2.32,63.85,88.47,88.63,38.27,6.14,"6,22 bar",Unidade_A,
206,2026-01-09 13:00:00,M-1,manha,Peça A,179.5 C,,29.92,3.46,31.37,92.91,93.22,40.23,6.03,,Unidade_A,
207,09-01-2026 14:00,Maquina 1, manhã,peça b,174.3 C,"5,29 bar",26.54,1.92,47.51,84.33,84.41,46.18,,"5,29 bar",Unidade_A,
208,,,manha,A,177.9 C,5.66 bar,37.26,3.85,56.43,96.81,97.21,43.89,7.13,5.66 bar,Unidade_A,
209,09/01/2026 16:00,Máquina 1,Tarde ,peça c,179.4 C,"5,98 bar",34.48,2.54,54.11,90.41,90.59,44.27,4.35,"5,98 bar",Unidade_A,ajuste manual
210,2026-01-09 17:00:00,M-2,,Peca C,180.7 C,"6,52 bar",34.31,2.48,58.63,93.11,93.07,34.92,5.2,"6,52 bar",Unidade_A,
211,09-01-2026 18:00,M 2, manhã,,180.0 C,5.53 bar,34.9,3.01,57.41,94.52,94.68,0.0,5.14,5.53 bar,Unidade_A,
212,2026/01/09 19:00,Máquina 2,MANHA,Peca A,180.3 C,5.96 bar,33.73,3.33,52.26,89.03,89.37,37.23,5.32,5.96 bar,Unidade_A,
213,09/01/2026 20:00,M 1,manha,,177.9 C,6.30 bar,31.27,2.48,50.26,89.46,89.86,48.11,7.35,6.30 bar,Unidade_A,
214,2026-01-09 21:00:00,Maquina 3,Tarde,Peca B,174.3 C,71.5 psi,31.51,3.91,52.79,86.57,86.8,46.09,5.87,71.5 psi,Unidade_A,
215,09-01-2026 22:00,M2,MANHA,A,177.9 C,6.47 bar,30.72,2.77,65.34,88.46,88.47,44.31,5.66,6.47 bar,Unidade_A,
216,2026/01/09 23:00,M 2,tarde,C,185.1 C,5.47 bar,39.9,3.55,150.0,95.23,95.19,38.58,8.11,5.47 bar,Unidade_A,
217,10/01/2026 00:00,M1,Manhã,B,172.2 C,6.15 bar,33.67,3.09,54.43,88.01,88.12,42.61,5.82,6.15 bar,Unidade_A,ruido no sensor
218,2026-01-10 01:00:00,m1, manhã,Peça C,178.1 C,6.11 bar,30.61,2.76,56.65,86.0,86.33,40.12,4.99,6.11 bar,Unidade_A,parada curta
219,10-01-2026 02:00,m3,Tarde ,Peça B,177.4 C,94.1 psi,33.4,3.26,69.04,88.06,88.15,42.12,5.93,94.1 psi,Unidade_A,
220,2026/01/10 03:00,,tarde,Peca C,179.6 C,90.6 psi,28.97,2.9,52.3,89.67,89.76,41.0,5.02,90.6 psi,Unidade_A,
221,10/01/2026 04:00,Máquina 1,Manha ,peça a,177.1 C,71.5 psi,36.51,,63.63,91.5,91.51,33.85,5.09,71.5 psi,Unidade_A,
222,2026-01-10 05:00:00,M-2,MANHA,peça a,187.9 C,5.65 bar,30.02,,66.09,88.53,88.46,46.49,9.22,5.65 bar,Unidade_A,
223,10-01-2026 06:00,m2,noite,Peca A,183.0 C,"6,06 bar",33.5,3.76,54.43,87.86,87.82,41.68,7.22,"6,06 bar",Unidade_A,
224,2026/01/10 07:00,M3,Manha ,Peça C,174.9 C,"5,91 bar",35.2,4.18,53.1,89.74,89.77,40.06,7.83,"5,91 bar",Unidade_A,
225,10/01/2026 08:00,m1,tarde,Peca B,360.2 F,6.21 bar,33.15,4.81,52.04,93.56,93.9,39.76,6.18,6.21 bar,Unidade_A,
226,2026-01-10 09:00:00,Máquina 3,Tarde ,C,177.6 C,,32.28,3.89,52.7,92.14,92.09,43.43,6.52,,Unidade_A,
227,10-01-2026 10:00,Máquina 1,Manhã,A,176.1 C,6.27 bar,32.03,3.12,62.69,83.01,83.02,38.42,5.62,6.27 bar,Unidade_A,
228,2026/01/10 11:00,m2,TARDE,C,359.7 F,"5,90 bar",31.83,3.61,57.08,85.43,85.26,32.98,5.94,"5,90 bar",Unidade_A,
229,10/01/2026 12:00,M2, Noite,peça b,178.0 C,5.17 bar,30.27,9.38,57.12,85.04,85.18,43.63,21.5,5.17 bar,Unidade_A,
230,2026-01-10 13:00:00,Maquina 1, Noite,Peça B,183.5 C,5.80 bar,30.65,2.51,44.87,88.44,88.71,44.08,5.64,5.80 bar,Unidade_A,
231,10-01-2026 14:00,Máquina 1,,C,175.1 C,6.19 bar,36.44,2.47,46.29,94.42,94.74,41.2,4.72,6.19 bar,Unidade_A,
232,2026/01/10 15:00,M2,Manhã,Peça A,177.4 C,5.51 bar,31.67,3.57,74.29,82.27,82.31,37.41,7.1,5.51 bar,Unidade_A,
233,10/01/2026 16:00,Máquina 3,Manha ,Peca A,178.2 C,91.1 psi,29.64,3.44,53.4,82.32,82.43,42.36,4.63,91.1 psi,Unidade_A,
234,2026-01-10 17:00:00,m2,Tarde ,B,177.7 C,"6,41 bar",30.45,3.24,48.03,83.12,83.09,36.14,4.65,"6,41 bar",Unidade_A,
235,10-01-2026 18:00,m3,,peça a,187.0 C,6.06 bar,35.3,4.26,67.88,91.28,91.38,37.89,7.18,6.06 bar,Unidade_A,
236,2026/01/10 19:00,Maquina 3, manhã,Peça A,184.6 C,4.62 bar,34.03,4.11,57.54,91.5,91.57,39.0,7.3,4.62 bar,Unidade_A,
237,10/01/2026 20:00,M2,Manhã,peça a,189.0 C,5.42 bar,33.68,3.04,60.2,93.58,93.59,45.38,8.79,5.42 bar,Unidade_A,
238,2026-01-10 21:00:00,m3,NOITE,Peça A,192.8 C,99.3 psi,31.23,3.11,53.76,93.87,93.9,40.55,9.11,99.3 psi,Unidade_A,
239,,M1,Manha ,Peca C,173.8 C,5.75 bar,33.72,3.54,52.13,82.4,82.49,40.21,7.66,5.75 bar,Unidade_A,ruido no sensor
240,2026/01/10 23:00,m1,TARDE,B,354.8 F,5.11 bar,30.07,3.3,53.47,93.42,93.36,49.82,4.79,5.11 bar,Unidade_A,
241,11/01/2026 00:00,Máquina 3,Tarde ,,175.6 C,95.1 psi,31.22,2.51,42.56,86.82,86.77,43.41,5.17,95.1 psi,Unidade_A,
242,2026-01-11 01:00:00,m3,manha,A,351.7 F,87.1 psi,34.91,3.35,54.21,92.18,92.52,43.36,6.37,87.1 psi,Unidade_A,
243,11-01-2026 02:00,M1,MANHA,,348.5 F,6.50 bar,34.62,2.91,57.66,84.67,85.21,40.52,5.69,6.50 bar,Unidade_A,
244,2026/01/11 03:00,m2,MANHA,peça b,175.2 C,6.12 bar,29.05,3.66,71.65,85.47,85.23,39.61,7.07,6.12 bar,Unidade_A,
245,11/01/2026 04:00,M2, Noite,peça c,347.4 F,6.21 bar,29.43,9.28,55.77,84.45,84.2,33.25,20.26,6.21 bar,Unidade_A,
246,2026-01-11 05:00:00,Maquina 3,manha,peça c,,6.16 bar,32.33,3.73,33.99,93.55,93.36,45.87,,6.16 bar,Unidade_A,
247,11-01-2026 06:00,M 2,manha,Peça A,345.9 F,6.31 bar,37.18,3.53,54.15,85.85,85.83,43.79,7.25,6.31 bar,Unidade_A,
248,2026/01/11 07:00,m2,Manhã,A,184.7 C,7.02 bar,26.25,3.19,79.66,86.55,86.73,41.28,8.8,7.02 bar,Unidade_A,
249,,Máquina 1,Manhã,,174.4 C,6.44 bar,32.83,2.36,62.8,84.48,84.6,41.45,6.25,6.44 bar,Unidade_A,
250,2026-01-11 09:00:00,M-2,Tarde ,peça b,382.2 F,,27.87,2.98,47.7,91.85,91.88,,10.1,,Unidade_A,
251,11-01-2026 10:00,M2, manhã,peça b,352.8 F,89.9 psi,30.1,3.16,60.32,87.76,87.87,35.78,6.52,89.9 psi,Unidade_A,
252,2026/01/11 11:00,,tarde,peça b,181.9 C,6.51 bar,30.91,3.53,48.32,91.58,91.44,39.64,4.48,6.51 bar,Unidade_A,
253,sem data,m2,TARDE,Peca B,174.0 C,6.54 bar,30.74,1.92,42.82,83.81,83.76,37.45,4.61,6.54 bar,Unidade_A,
254,2026-01-11 13:00:00,Maquina 1,NOITE,A,187.5 C,84.2 psi,30.4,2.54,51.86,94.21,94.21,49.09,5.92,84.2 psi,Unidade_A,
255,11-01-2026 14:00,Maquina 1, manhã,Peça A,364.3 F,6.52 bar,32.02,2.84,55.82,94.66,94.35,45.5,5.48,6.52 bar,Unidade_A,
256,2026/01/11 15:00,Maquina 2,noite,peça a,182.0 C,6.42 bar,30.39,2.97,38.15,80.62,80.39,33.19,5.24,6.42 bar,Unidade_A,
257,11/01/2026 16:00,M3,Tarde ,peça a,346.6 F,"7,16 bar",27.61,3.39,44.66,85.38,85.16,35.94,7.21,"7,16 bar",Unidade_A,
258,2026-01-11 17:00:00,m1,manha,peça a,180.1 C,82.1 psi,34.34,3.12,55.09,92.5,92.65,200.0,6.68,82.1 psi,Unidade_A,
259,,Máquina 1,NOITE,Peça B,173.4 C,83.7 psi,34.26,2.1,51.33,87.06,87.11,40.11,6.52,83.7 psi,Unidade_A,
260,2026/01/11 19:00,M 2,noite,Peca A,187.8 C,5.86 bar,34.53,2.09,58.55,86.21,86.33,36.7,6.24,5.86 bar,Unidade_A,
261,11/01/2026 20:00,M1,Manha ,Peça A,183.0 C,5.78 bar,27.38,2.57,44.07,92.06,91.69,49.78,3.39,5.78 bar,Unidade_A,
262,2026-01-11 21:00:00,M-3,noite,peça b,182.0 C,"5,60 bar",32.9,4.05,61.43,86.22,85.92,43.25,6.81,"5,60 bar",Unidade_A,
263,11-01-2026 22:00,M 1,Tarde ,peça b,166.8 C,4.76 bar,34.03,3.9,44.35,87.01,87.14,43.9,,4.76 bar,Unidade_A,
264,2026/01/11 23:00,m1,TARDE,peça a,345.3 F,5.80 bar,28.91,3.31,69.78,84.92,84.36,39.23,7.52,5.80 bar,Unidade_A,
265,,M-3,noite,C,184.9 C,6.17 bar,32.03,2.6,39.56,92.61,92.86,44.89,7.95,6.17 bar,Unidade_A,
266,2026-01-12 01:00:00,M 1, manhã,Peca C,365.1 F,83.8 psi,31.65,2.65,45.17,87.1,86.74,40.48,7.3,83.8 psi,Unidade_A,
267,12-01-2026 02:00,M 1,NOITE,Peca B,184.5 C,99.7 psi,37.53,2.97,58.76,89.88,90.05,40.87,7.27,99.7 psi,Unidade_A,
268,2026/01/12 03:00,Maquina 1,MANHA,Peca B,171.0 C,87.1 psi,37.77,2.92,69.98,90.72,90.55,44.44,6.87,87.1 psi,Unidade_A,
269,12/01/2026 04:00,Máquina 1,Noite,Peça A,180.5 C,6.58 bar,27.01,3.15,57.84,87.27,87.48,35.48,5.07,6.58 bar,Unidade_A,
270,2026-01-12 05:00:00,Maquina 1,Tarde ,C,,6.12 bar,39.48,2.2,60.07,101.94,102.58,48.39,5.77,6.12 bar,Unidade_A,
271,12-01-2026 06:00,m1,Manha ,A,170.7 C,??,29.25,2.84,55.16,81.07,80.61,42.73,6.72,??,Unidade_A,
272,2026/01/12 07:00,M 1,TARDE,Peca C,179.0 C,6.13 bar,34.94,3.07,45.76,92.35,92.49,47.12,5.86,6.13 bar,Unidade_A,
273,12/01/2026 08:00,M1, manhã,B,356.7 F,96.0 psi,34.91,3.34,50.59,85.58,85.22,37.7,,96.0 psi,Unidade_A,
274,2026-01-12 09:00:00,M2,Manha ,,179.0 C,87.4 psi,29.01,2.63,44.09,88.85,88.94,38.31,3.9,87.4 psi,Unidade_A,ajuste manual
275,12-01-2026 10:00,Maquina 2,manha,Peça A,171.2 C,6.22 bar,33.48,2.93,43.49,83.38,83.34,37.35,8.32,6.22 bar,Unidade_A,
276,2026/01/12 11:00,M 1,manha,Peca B,177.4 C,6.16 bar,31.68,1.04,58.62,86.19,86.22,43.0,4.75,6.16 bar,Unidade_A,
277,12/01/2026 12:00,Máquina 1,Manhã,Peca B,erro,5.87 bar,33.66,2.4,,87.22,87.03,,3.53,5.87 bar,Unidade_A,
278,2026-01-12 13:00:00,Máquina 2,Manhã,Peça A,,89.7 psi,32.69,2.81,57.88,88.11,88.27,40.14,5.22,89.7 psi,Unidade_A,
279,12-01-2026 14:00,M-3,NOITE,peça b,178.7 C,101.6 psi,35.59,2.89,43.28,89.88,89.59,37.94,5.51,101.6 psi,Unidade_A,
280,2026/01/12 15:00,M-3,Tarde ,C,179.3 C,5.88 bar,32.23,3.66,57.67,88.5,88.75,,6.95,5.88 bar,Unidade_A,
281,12/01/2026 16:00,M-1,Noite,Peca B,178.8 C,89.8 psi,31.5,2.76,50.6,88.03,87.95,41.81,4.96,89.8 psi,Unidade_A,
282,2026-01-12 17:00:00,m1,MANHA,Peca B,358.2 F,95.2 psi,35.29,1.33,67.66,85.94,85.66,40.14,5.55,95.2 psi,Unidade_A,
283,12-01-2026 18:00,M-1,Noite,Peça A,177.5 C,6.51 bar,33.74,2.94,57.91,90.33,90.65,39.26,6.12,6.51 bar,Unidade_A,
284,2026/01/12 19:00,M1,tarde,Peca B,177.0 C,87.1 psi,34.2,2.2,66.12,90.79,90.77,48.19,4.44,87.1 psi,Unidade_A,
285,12/01/2026 20:00,m2,Manha ,A,181.0 C,4.93 bar,30.01,3.47,48.2,91.18,91.56,41.67,4.61,4.93 bar,Unidade_A,
286,2026-01-12 21:00:00,M 2, manhã,C,170.9 C,6.23 bar,28.86,2.32,55.51,84.61,84.86,47.08,,6.23 bar,Unidade_A,
287,12-01-2026 22:00,Máquina 1,Tarde ,Peça A,358.5 F,5.00 bar,30.3,2.82,46.17,82.58,82.42,39.87,6.79,5.00 bar,Unidade_A,
288,2026/01/12 23:00,M1,manha,,354.2 F,6.66 bar,30.14,2.62,51.28,87.66,87.64,,5.49,6.66 bar,Unidade_A,
289,13/01/2026 00:00,m2,Tarde ,A,357.3 F,6.08 bar,34.36,,52.64,93.74,93.76,41.78,7.13,6.08 bar,Unidade_A,
290,2026-01-13 01:00:00,, Noite,Peça A,183.8 C,6.45 bar,34.93,2.88,48.47,89.27,89.58,,7.04,6.45 bar,Unidade_A,
291,13-01-2026 02:00,m3,manha,peça b,171.7 C,"5,59 bar",31.53,3.38,44.06,87.83,87.92,,8.1,"5,59 bar",Unidade_A,
292,2026/01/13 03:00,Máquina 1,manha,B,169.1 C,5.30 bar,36.29,1.8,42.28,85.8,85.83,41.46,6.12,5.30 bar,Unidade_A,
293,13/01/2026 04:00,M 3,Noite,B,182.9 C,??,36.11,2.59,33.94,97.4,97.36,44.99,6.91,??,Unidade_A,
294,2026-01-13 05:00:00,Máquina 1,Tarde ,peça c,179.0 C,??,32.73,2.42,45.49,84.77,84.76,38.99,5.43,??,Unidade_A,
295,13-01-2026 06:00,M-3,manha,Peca C,182.4 C,83.8 psi,29.53,3.54,60.65,85.46,85.72,41.34,6.01,83.8 psi,Unidade_A,
296,2026/01/13 07:00,M3,noite,,179.2 C,6.04 bar,36.73,3.15,40.61,91.47,91.47,38.53,4.56,6.04 bar,Unidade_A,
297,13/01/2026 08:00,M3,noite,peça a,184.8 C,"7,25 bar",31.82,3.96,42.69,85.39,85.31,,,"7,25 bar",Unidade_A,
298,2026-01-13 09:00:00,Máquina 3,Tarde,B,186.2 C,6.38 bar,32.38,3.37,71.12,94.22,94.11,43.25,5.81,6.38 bar,Unidade_A,
299,13-01-2026 10:00,Máquina 3,Tarde ,peça c,183.9 C,93.9 psi,30.98,2.92,49.27,91.19,91.08,43.47,6.76,93.9 psi,Unidade_A,
300,2026/01/13 11:00,Maquina 2,Manha ,A,179.2 C,92.5 psi,29.33,,57.89,91.43,91.15,47.43,4.57,92.5 psi,Unidade_A,
301,13/01/2026 12:00,,Manhã,A,,96.7 psi,27.59,3.7,60.78,87.65,87.5,46.63,8.54,96.7 psi,Unidade_A,
302,2026-01-13 13:00:00,M 1,Tarde,Peça C,182.8 C,5.91 bar,33.9,3.01,60.96,90.55,90.85,45.06,,5.91 bar,Unidade_A,
303,13-01-2026 14:00,Máquina 2,Manhã,Peca B,186.6 C,"5,08 bar",29.65,4.37,,83.85,83.81,36.31,7.57,"5,08 bar",Unidade_A,
304,2026/01/13 15:00,M2,Tarde ,B,362.7 F,"5,92 bar",41.18,2.72,52.92,92.68,92.82,39.22,5.2,"5,92 bar",Unidade_A,
305,13/01/2026 16:00,M-3,noite,Peça C,177.1 C,6.37 bar,28.74,3.5,40.44,82.26,81.77,37.98,5.83,6.37 bar,Unidade_A,
306,2026-01-13 17:00:00,M2,Manha ,peça b,183.9 C,5.56 bar,28.23,3.43,77.02,89.82,89.93,44.91,9.08,5.56 bar,Unidade_A,
307,13-01-2026 18:00,M-1,Tarde,Peca A,183.3 C,,33.53,2.78,40.65,92.65,92.62,42.68,6.98,,Unidade_A,
308,2026/01/13 19:00,Maquina 2,manha,Peça A,188.3 C,82.5 psi,36.59,2.82,,95.31,95.22,36.44,,82.5 psi,Unidade_A,
309,13/01/2026 20:00,m1,NOITE,,erro,"6,68 bar",32.19,1.79,45.63,88.51,88.55,41.25,5.52,"6,68 bar",Unidade_A,
310,2026-01-13 21:00:00,M1,,A,177.9 C,"6,34 bar",33.72,2.47,41.53,90.01,89.91,36.02,5.94,"6,34 bar",Unidade_A,
311,13-01-2026 22:00,M-2,TARDE,B,184.2 C,6.29 bar,26.47,2.45,67.17,85.73,85.3,41.79,7.38,6.29 bar,Unidade_A,
312,,Maquina 2,Tarde ,Peca C,180.8 C,6.28 bar,29.97,2.03,76.8,84.32,84.5,35.38,4.51,6.28 bar,Unidade_A,
313,14/01/2026 00:00,Máquina 1,tarde,Peça A,173.4 C,86.8 psi,28.78,2.28,50.72,87.73,87.78,44.12,6.24,86.8 psi,Unidade_A,
314,2026-01-14 01:00:00,M1,TARDE,A,181.1 C,88.3 psi,26.31,2.12,43.12,85.27,85.2,43.51,2.81,88.3 psi,Unidade_A,
315,14-01-2026 02:00,m1, Noite,C,181.9 C,5.47 bar,32.35,3.18,34.87,92.25,92.06,49.63,6.63,5.47 bar,Unidade_A,
316,2026/01/14 03:00,Máquina 1,,peça a,179.4 C,5.02 bar,25.27,3.19,52.8,82.96,82.66,45.39,7.87,5.02 bar,Unidade_A,
317,14/01/2026 04:00,Máquina 1,Noite,,356.2 F,"6,07 bar",28.03,2.21,52.15,83.48,83.53,40.31,4.76,"6,07 bar",Unidade_A,
318,2026-01-14 05:00:00,M 2,Noite,peça b,179.2 C,6.15 bar,30.39,,49.14,90.52,90.85,45.27,3.19,6.15 bar,Unidade_A,
319,14-01-2026 06:00,Máquina 1,Tarde ,Peça B,186.4 C,6.54 bar,29.51,1.59,56.99,89.61,89.65,36.41,6.55,6.54 bar,Unidade_A,
320,2026/01/14 07:00,,Tarde ,Peça A,350.6 F,6.71 bar,33.19,3.23,58.56,84.48,84.21,38.15,5.37,6.71 bar,Unidade_A,
321,14/01/2026 08:00,Maquina 3,manha,Peça B,178.6 C,"6,71 bar",32.92,9.13,57.91,91.18,91.23,0.0,20.89,"6,71 bar",Unidade_A,
322,2026-01-14 09:00:00,M 2,NOITE,A,180.6 C,5.55 bar,34.68,3.69,52.15,85.86,85.85,33.37,6.55,5.55 bar,Unidade_A,
323,14-01-2026 10:00,M-1,TARDE,Peça B,183.4 C,"5,84 bar",34.26,2.34,45.09,90.41,90.59,41.85,5.67,"5,84 bar",Unidade_A,
324,2026/01/14 11:00,M 2,TARDE,peça a,173.0 C,6.22 bar,35.42,3.83,60.99,91.94,92.06,37.92,7.27,6.22 bar,Unidade_A,
325,14/01/2026 12:00,M-3,Manha ,Peca B,174.9 C,103.5 psi,31.99,2.56,55.11,90.13,89.53,42.41,5.59,103.5 psi,Unidade_A,
326,2026-01-14 13:00:00,M-2,noite,Peça B,170.3 C,"6,67 bar",32.91,2.34,63.0,88.21,88.32,37.69,7.56,"6,67 bar",Unidade_A,
327,14-01-2026 14:00,Máquina 3,Tarde ,A,181.7 C,6.50 bar,33.53,4.01,62.11,95.94,95.73,43.7,6.17,6.50 bar,Unidade_A,
328,2026/01/14 15:00,M-2,Tarde,Peça A,174.9 C,84.5 psi,32.42,4.24,42.2,85.71,85.42,42.08,5.98,84.5 psi,Unidade_A,ajuste manual
329,,M2,Manhã,A,178.6 C,5.60 bar,30.81,3.47,42.09,86.44,86.4,47.6,5.38,5.60 bar,Unidade_A,
330,2026-01-14 17:00:00,M 1, Noite,A,182.3 C,6.36 bar,31.0,2.77,48.2,86.4,86.49,42.03,5.86,6.36 bar,Unidade_A,
331,14-01-2026 18:00,M-2,Manhã,A,177.3 C,5.50 bar,29.55,1.72,45.49,85.15,84.82,38.93,4.76,5.50 bar,Unidade_A,
332,2026/01/14 19:00,M 1, manhã,Peça C,180.2 C,5.89 bar,33.26,1.49,61.8,81.9,82.04,,3.01,5.89 bar,Unidade_A,
333,14/01/2026 20:00,M-2,noite,A,354.2 F,5.95 bar,31.72,3.23,58.16,86.02,86.18,,6.76,5.95 bar,Unidade_A,ajuste manual
334,2026-01-14 21:00:00,M 3,noite,peça c,184.9 C,6.72 bar,30.01,3.32,64.89,87.43,87.44,43.62,4.22,6.72 bar,Unidade_A,
335,14-01-2026 22:00,Maquina 1,Manhã,Peca C,181.4 C,5.84 bar,30.01,2.08,58.57,90.94,90.77,44.36,4.62,5.84 bar,Unidade_A,ajuste manual
336,2026/01/14 23:00,Máquina 2,Tarde ,peça a,177.0 C,4.90 bar,28.37,3.19,56.88,90.21,90.02,51.88,5.94,4.90 bar,Unidade_A,
337,,,,Peca B,,90.3 psi,34.94,2.87,65.8,87.15,87.36,39.51,6.07,90.3 psi,Unidade_A,
338,,m2,,Peca C,185.7 C,82.5 psi,32.24,3.76,59.23,91.31,91.01,40.93,7.95,82.5 psi,Unidade_A,
339,15-01-2026 02:00,Máquina 1,MANHA,Peca B,357.7 F,87.3 psi,29.41,2.89,55.61,88.98,89.19,39.7,6.58,87.3 psi,Unidade_A,
340,2026/01/15 03:00,M 3,Tarde,peça a,174.5 C,5.96 bar,34.43,4.35,68.32,86.66,86.63,42.85,7.21,5.96 bar,Unidade_A,
341,,Maquina 1, Noite,peça a,182.3 C,"5,88 bar",30.32,9.15,56.04,87.19,87.17,43.53,22.56,"5,88 bar",Unidade_A,
342,2026-01-15 05:00:00,M 3,Noite,Peça A,176.1 C,6.36 bar,27.78,3.48,52.26,78.97,78.62,41.79,6.72,6.36 bar,Unidade_A,
343,15-01-2026 06:00,M 3,noite,Peça B,188.6 C,5.31 bar,35.06,4.24,47.46,89.88,89.85,46.35,6.58,5.31 bar,Unidade_A,
344,2026/01/15 07:00,Maquina 2,tarde,C,185.6 C,"5,77 bar",30.39,2.51,61.33,85.95,86.07,39.53,8.41,"5,77 bar",Unidade_A,parada curta
345,15/01/2026 08:00,M-3,Manhã,peça c,361.3 F,6.31 bar,30.77,5.38,66.13,89.98,89.72,45.94,6.52,6.31 bar,Unidade_A,
346,2026-01-15 09:00:00,M 3,Noite,A,182.3 C,83.0 psi,32.12,3.79,54.54,86.93,87.03,44.15,6.84,83.0 psi,Unidade_A,
347,15-01-2026 10:00,m3,NOITE,Peca B,180.5 C,,35.43,3.8,66.77,88.85,88.87,41.95,6.84,,Unidade_A,
348,2026/01/15 11:00,Maquina 1,noite,Peca A,360.3 F,6.30 bar,32.06,3.14,37.27,85.05,84.93,40.74,5.8,6.30 bar,Unidade_A,
349,15/01/2026 12:00,Máquina 2,Manhã,Peca C,178.6 C,6.51 bar,28.4,4.37,54.5,89.96,90.13,51.71,6.07,6.51 bar,Unidade_A,
350,2026-01-15 13:00:00,M 1,Manhã,peça a,180.2 C,5.98 bar,33.63,3.32,54.64,89.75,89.31,38.73,6.36,5.98 bar,Unidade_A,
351,15-01-2026 14:00,m2,,,364.7 F,"5,12 bar",30.55,2.11,48.46,90.41,90.48,43.19,4.41,"5,12 bar",Unidade_A,
352,2026/01/15 15:00,M1,Manha ,peça c,349.1 F,6.32 bar,37.66,3.71,76.45,89.81,90.13,39.0,7.2,6.32 bar,Unidade_A,
353,15/01/2026 16:00,M-2,NOITE,Peca A,177.4 C,5.25 bar,32.0,9.27,54.4,85.6,85.89,49.14,22.86,5.25 bar,Unidade_A,
354,2026-01-15 17:00:00,M 2, manhã,A,174.5 C,6.14 bar,25.29,3.22,51.33,83.36,83.44,45.55,6.03,6.14 bar,Unidade_A,
355,15-01-2026 18:00,Maquina 2,Tarde,peça c,175.2 C,81.2 psi,33.07,2.32,55.23,86.14,86.08,39.29,6.52,81.2 psi,Unidade_A,
356,2026/01/15 19:00,M2,NOITE,Peca A,171.4 C,79.5 psi,37.83,3.49,36.97,89.19,89.07,44.05,8.54,79.5 psi,Unidade_A,
357,15/01/2026 20:00,M3,Tarde ,Peça B,185.1 C,5.80 bar,36.73,3.13,48.16,92.53,92.47,43.03,6.14,5.80 bar,Unidade_A,
358,2026-01-15 21:00:00,M-3,manha,peça c,190.5 C,85.8 psi,37.49,3.62,63.85,97.11,97.22,39.93,9.34,85.8 psi,Unidade_A,
359,15-01-2026 22:00,M-2,TARDE,peça b,187.6 C,82.8 psi,28.94,2.97,49.34,91.94,91.78,45.03,7.1,82.8 psi,Unidade_A,
360,2026/01/15 23:00,M2,Tarde ,A,172.4 C,6.26 bar,34.74,4.4,47.54,85.95,86.1,43.56,7.08,6.26 bar,Unidade_A,
361,16/01/2026 00:00,M-3,TARDE,Peça A,185.1 C,5.80 bar,29.83,4.84,150.0,90.84,91.26,,7.88,5.80 bar,Unidade_A,
362,2026-01-16 01:00:00,M-1,Tarde,Peça A,186.1 C,93.4 psi,32.67,2.83,67.06,92.03,92.02,41.83,6.69,93.4 psi,Unidade_A,
363,16-01-2026 02:00,m1,,C,erro,88.9 psi,28.18,2.84,59.65,84.13,83.86,43.72,,88.9 psi,Unidade_A,
364,2026/01/16 03:00,m1,Tarde ,peça a,179.5 C,82.5 psi,30.07,2.56,50.9,90.36,90.09,42.92,5.46,82.5 psi,Unidade_A,
365,16/01/2026 04:00,Maquina 2,Manhã,Peça A,338.8 F,"5,61 bar",29.97,3.87,52.84,85.27,85.42,42.24,8.52,"5,61 bar",Unidade_A,
366,2026-01-16 05:00:00,M 2,MANHA,Peça A,181.8 C,5.26 bar,34.7,2.94,,85.32,85.3,39.44,4.13,5.26 bar,Unidade_A,
367,16-01-2026 06:00,M 3,TARDE,Peca C,176.2 C,6.13 bar,34.4,3.28,46.05,92.44,92.61,48.78,4.55,6.13 bar,Unidade_A,
368,2026/01/16 07:00,Maquina 2,manha,peça a,358.7 F,84.7 psi,32.83,3.79,45.6,88.71,88.6,37.8,6.39,84.7 psi,Unidade_A,
369,16/01/2026 08:00,M1,Manhã,Peça C,171.2 C,4.93 bar,27.95,2.45,49.44,84.64,84.81,43.71,6.48,4.93 bar,Unidade_A,
370,2026-01-16 09:00:00,M 3,Tarde,Peca B,184.2 C,5.76 bar,31.07,3.53,45.69,88.48,88.45,40.72,6.78,5.76 bar,Unidade_A,
371,16-01-2026 10:00,M 3,Manha ,,186.6 C,5.59 bar,29.76,2.52,40.93,88.76,88.61,49.04,7.11,5.59 bar,Unidade_A,
372,2026/01/16 11:00,m1, Noite,C,175.1 C,6.71 bar,34.61,,56.97,89.67,89.59,38.39,5.46,6.71 bar,Unidade_A,
373,16/01/2026 12:00,M-1,MANHA,Peca C,173.3 C,75.9 psi,35.53,4.06,57.11,88.02,87.78,39.06,6.56,75.9 psi,Unidade_A,
374,sem data,M1, manhã,Peca C,168.2 C,77.6 psi,35.17,3.27,70.31,87.16,87.56,38.12,10.64,77.6 psi,Unidade_A,
375,16-01-2026 14:00,Máquina 1, Noite,Peca A,177.7 C,94.3 psi,29.73,3.75,48.98,88.46,88.44,43.29,6.58,94.3 psi,Unidade_A,
376,2026/01/16 15:00,Máquina 1,NOITE,Peça B,349.0 F,6.61 bar,23.78,2.25,57.66,78.6,78.73,36.51,5.37,6.61 bar,Unidade_A,
377,16/01/2026 16:00,M3,MANHA,Peça B,173.7 C,"5,66 bar",26.7,3.7,57.81,81.44,81.33,,6.52,"5,66 bar",Unidade_A,
378,2026-01-16 17:00:00,Máquina 2, manhã,B,361.0 F,5.72 bar,36.26,2.54,52.72,82.07,81.86,33.39,5.11,5.72 bar,Unidade_A,
379,16-01-2026 18:00,M-1,Manha ,Peça C,176.8 C,6.28 bar,30.8,2.65,61.7,89.33,89.28,42.96,4.82,6.28 bar,Unidade_A,
380,2026/01/16 19:00,Maquina 2,,C,,4.95 bar,29.75,3.65,61.98,82.26,82.48,40.0,8.35,4.95 bar,Unidade_A,
381,16/01/2026 20:00,m2,Tarde ,Peça B,177.7 C,5.16 bar,36.93,3.22,57.95,89.22,89.12,36.05,5.55,5.16 bar,Unidade_A,
382,2026-01-16 21:00:00,Máquina 3,Manhã,peça b,186.9 C,85.2 psi,35.8,2.63,52.7,94.28,94.11,46.34,7.77,85.2 psi,Unidade_A,
383,16-01-2026 22:00,M-3,Manha ,B,184.5 C,6.70 bar,32.07,9.52,51.78,89.78,89.81,36.77,23.58,6.70 bar,Unidade_A,
384,2026/01/16 23:00,M 2,TARDE,peça a,355.7 F,"5,80 bar",31.12,2.25,42.69,85.47,85.57,45.19,3.44,"5,80 bar",Unidade_A,
385,17/01/2026 00:00,M1, Noite,peça a,359.8 F,6.05 bar,31.6,3.12,47.75,87.78,88.11,39.2,5.27,6.05 bar,Unidade_A,
386,2026-01-17 01:00:00,Maquina 3,tarde,Peca A,348.3 F,6.51 bar,32.68,4.89,49.4,95.01,95.08,48.41,4.91,6.51 bar,Unidade_A,
387,17-01-2026 02:00,m2,Tarde ,peça a,357.2 F,"6,95 bar",36.8,4.04,44.88,97.17,97.3,45.0,5.79,"6,95 bar",Unidade_A,
388,2026/01/17 03:00,M 3,,peça a,182.2 C,"5,74 bar",33.27,2.32,58.96,91.43,91.58,200.0,5.31,"5,74 bar",Unidade_A,
389,17/01/2026 04:00,Maquina 1,manha,Peca B,176.7 C,5.99 bar,34.18,3.72,65.77,88.93,88.7,38.33,7.71,5.99 bar,Unidade_A,
390,2026-01-17 05:00:00,Máquina 3,Manhã,Peça A,,98.9 psi,35.51,4.16,46.83,88.8,88.61,44.42,4.91,98.9 psi,Unidade_A,ajuste manual
391,17-01-2026 06:00,M2,,C,,77.1 psi,28.49,2.15,,88.01,87.79,40.95,6.95,77.1 psi,Unidade_A,
392,2026/01/17 07:00,Máquina 1, Noite,Peça B,,6.46 bar,34.26,2.6,45.69,89.36,89.1,41.32,5.97,6.46 bar,Unidade_A,
393,17/01/2026 08:00,M2,NOITE,A,183.3 C,,31.12,3.86,52.26,92.02,92.18,47.09,7.98,,Unidade_A,
394,2026-01-17 09:00:00,M-2,NOITE,A,165.9 C,6.05 bar,24.45,3.51,48.79,79.21,79.27,39.01,8.94,6.05 bar,Unidade_A,
395,17-01-2026 10:00,m1, Noite,Peça A,185.0 C,"5,89 bar",25.62,1.95,60.42,85.99,86.0,42.37,6.93,"5,89 bar",Unidade_A,
396,2026/01/17 11:00,M2,noite,peça c,165.3 C,5.57 bar,28.95,3.55,,85.76,85.24,45.82,7.81,5.57 bar,Unidade_A,
397,17/01/2026 12:00,Maquina 3,,peça a,353.2 F,5.56 bar,33.59,,64.1,90.79,91.2,45.24,6.12,5.56 bar,Unidade_A,
398,2026-01-17 13:00:00,m1,manha,Peça B,184.1 C,6.12 bar,32.34,2.66,52.79,90.89,90.71,41.36,5.24,6.12 bar,Unidade_A,
399,17-01-2026 14:00,Maquina 2, manhã,C,178.9 C,6.45 bar,32.55,3.89,,86.57,86.99,40.84,4.37,6.45 bar,Unidade_A,
400,2026/01/17 15:00,Máquina 2,tarde,Peça C,173.2 C,,37.85,3.16,43.72,84.04,83.75,35.04,5.69,,Unidade_A,
401,17/01/2026 16:00,m1,,Peça A,173.5 C,6.03 bar,28.19,2.48,57.28,89.01,88.85,37.78,6.59,6.03 bar,Unidade_A,
402,2026-01-17 17:00:00,Máquina 3,NOITE,A,367.9 F,6.26 bar,31.92,4.13,63.06,97.74,97.29,43.27,7.1,6.26 bar,Unidade_A,
403,17-01-2026 18:00,m3,Tarde ,peça a,erro,5.56 bar,32.91,4.18,57.46,88.61,88.68,41.45,8.66,5.56 bar,Unidade_A,
404,2026/01/17 19:00,m1,Tarde ,Peça A,184.6 C,6.33 bar,29.79,3.65,75.15,84.54,84.32,42.3,5.59,6.33 bar,Unidade_A,
405,17/01/2026 20:00,Maquina 3,Manha ,Peça A,181.2 C,6.37 bar,32.08,4.12,67.87,87.81,87.6,46.16,,6.37 bar,Unidade_A,
406,2026-01-17 21:00:00,Maquina 3,,Peca B,175.5 C,104.0 psi,27.2,4.25,150.0,85.41,85.14,37.25,8.57,104.0 psi,Unidade_A,
407,17-01-2026 22:00,Maquina 1,MANHA,Peça C,176.1 C,5.83 bar,36.23,3.28,52.14,93.67,93.83,41.06,7.28,5.83 bar,Unidade_A,
408,2026/01/17 23:00,m3,noite,Peça B,176.4 C,5.79 bar,29.96,3.72,59.23,83.45,83.59,-5.0,5.74,5.79 bar,Unidade_A,
409,,Maquina 1,Tarde,peça b,183.3 C,6.35 bar,38.09,2.86,47.46,91.1,91.46,39.18,5.82,6.35 bar,Unidade_A,
410,2026-01-18 01:00:00,m3,,,185.2 C,6.37 bar,31.9,3.4,65.5,91.89,91.75,47.73,8.12,6.37 bar,Unidade_A,
411,18-01-2026 02:00,m2,MANHA,Peca C,171.9 C,5.76 bar,35.08,2.36,58.25,92.21,92.25,45.63,7.37,5.76 bar,Unidade_A,
412,2026/01/18 03:00,M 2,manha,Peca B,178.5 C,5.82 bar,31.84,2.53,57.31,87.53,87.28,43.16,5.53,5.82 bar,Unidade_A,
413,18/01/2026 04:00,M1,Tarde,C,174.7 C,6.24 bar,31.91,2.62,61.18,84.95,84.89,49.18,7.59,6.24 bar,Unidade_A,
414,2026-01-18 05:00:00,M-3,NOITE,C,188.0 C,81.6 psi,30.25,3.71,70.51,89.38,89.28,36.0,7.49,81.6 psi,Unidade_A,
415,18-01-2026 06:00,M-1,NOITE,A,172.2 C,,32.36,3.74,56.54,90.59,90.69,41.97,7.8,,Unidade_A,
416,2026/01/18 07:00,m1,Manhã,Peca A,187.0 C,"6,04 bar",32.95,2.77,53.98,90.67,90.88,43.47,6.83,"6,04 bar",Unidade_A,
417,sem data,Máquina 1,NOITE,peça a,178.8 C,6.45 bar,29.65,3.45,68.58,87.31,87.51,38.34,5.95,6.45 bar,Unidade_A,
418,2026-01-18 09:00:00,M-3,Manhã,peça a,175.7 C,83.1 psi,31.62,4.25,63.71,86.49,86.32,43.2,7.09,83.1 psi,Unidade_A,ruido no sensor
419,18-01-2026 10:00,Máquina 1,Noite,C,175.6 C,5.17 bar,30.17,2.65,52.11,82.94,83.14,37.57,6.38,5.17 bar,Unidade_A,
420,,M-3,MANHA,peça a,177.5 C,5.14 bar,38.9,3.94,55.05,95.46,95.45,44.76,6.86,5.14 bar,Unidade_A,
421,18/01/2026 12:00,M 2,manha,B,174.1 C,,31.73,2.99,56.76,89.72,89.66,46.23,5.88,,Unidade_A,
422,2026-01-18 13:00:00,Máquina 1, Noite,peça b,179.5 C,78.5 psi,36.64,3.66,,92.61,92.47,43.09,6.91,78.5 psi,Unidade_A,
423,18-01-2026 14:00,m1,Manhã,A,172.9 C,5.93 bar,31.41,3.21,42.79,89.16,89.05,34.59,5.93,5.93 bar,Unidade_A,
424,2026/01/18 15:00,M 1,tarde,peça a,168.1 C,5.47 bar,32.78,2.03,41.12,82.28,82.63,38.13,7.14,5.47 bar,Unidade_A,
425,18/01/2026 16:00,M 2,TARDE,peça b,353.5 F,82.4 psi,28.04,3.25,47.01,85.36,85.42,44.26,5.35,82.4 psi,Unidade_A,
426,2026-01-18 17:00:00,Maquina 3,manha,peça b,172.5 C,5.65 bar,30.66,4.62,46.32,86.93,86.96,42.08,8.49,5.65 bar,Unidade_A,
427,18-01-2026 18:00,M1,Tarde ,Peca A,175.2 C,5.80 bar,32.63,2.68,49.21,83.04,82.99,31.22,3.98,5.80 bar,Unidade_A,
428,,Maquina 3,NOITE,peça a,177.0 C,"6,60 bar",36.76,3.84,60.71,94.21,94.7,46.97,7.66,"6,60 bar",Unidade_A,
429,18/01/2026 20:00,Máquina 1, Noite,Peca B,erro,6.30 bar,32.67,3.15,53.48,87.46,87.72,42.55,6.01,6.30 bar,Unidade_A,
430,2026-01-18 21:00:00,M-3, manhã,peça a,191.5 C,6.01 bar,36.15,2.88,56.77,89.02,88.87,38.72,9.33,6.01 bar,Unidade_A,
431,18-01-2026 22:00,M3,Tarde,Peca C,181.8 C,5.79 bar,33.92,3.88,43.98,91.31,91.25,45.98,5.59,5.79 bar,Unidade_A,
432,2026/01/18 23:00,Maquina 3,MANHA,A,182.7 C,84.2 psi,36.88,2.64,50.85,91.28,91.24,,5.55,84.2 psi,Unidade_A,
433,19/01/2026 00:00,Máquina 2,Manha ,peça a,171.6 C,6.15 bar,31.82,,60.29,88.81,88.84,39.25,9.24,6.15 bar,Unidade_A,
434,2026-01-19 01:00:00,,Manhã,peça b,,6.26 bar,39.17,4.25,60.35,93.44,93.3,43.43,6.45,6.26 bar,Unidade_A,
435,19-01-2026 02:00,M-1,noite,Peça B,180.1 C,81.1 psi,30.54,3.03,48.48,91.41,91.5,49.12,6.48,81.1 psi,Unidade_A,
436,2026/01/19 03:00,M1,NOITE,B,173.9 C,6.02 bar,29.7,2.6,56.45,89.13,89.43,48.49,6.6,6.02 bar,Unidade_A,
437,19/01/2026 04:00,Máquina 1, Noite,A,183.5 C,5.09 bar,28.37,3.09,74.79,87.36,87.1,43.44,7.42,5.09 bar,Unidade_A,
438,2026-01-19 05:00:00,M 2,tarde,Peça C,174.5 C,"6,10 bar",38.99,3.11,54.84,89.4,89.17,43.85,6.8,"6,10 bar",Unidade_A,
439,,Máquina 2,Tarde ,Peca B,179.1 C,6.34 bar,34.46,3.16,48.76,91.46,91.36,45.17,,6.34 bar,Unidade_A,
440,2026/01/19 07:00,M-2,TARDE,peça b,177.6 C,5.87 bar,31.0,3.58,53.44,85.11,85.02,36.97,5.56,5.87 bar,Unidade_A,
441,19/01/2026 08:00,M3,Tarde,A,360.2 F,6.82 bar,35.75,3.08,55.83,96.78,97.18,44.58,4.95,6.82 bar,Unidade_A,ajuste manual
442,2026-01-19 09:00:00,M-1,tarde,peça a,175.8 C,,34.06,2.83,53.64,91.94,92.14,39.06,5.61,,Unidade_A,
443,19-01-2026 10:00,M 2, manhã,Peca B,179.1 C,6.10 bar,37.9,2.95,54.72,93.66,93.85,43.27,,6.10 bar,Unidade_A,
444,2026/01/19 11:00,M1,Manhã,Peca A,177.8 C,5.98 bar,27.36,1.77,42.01,86.7,86.65,41.09,4.41,5.98 bar,Unidade_A,
445,19/01/2026 12:00,m1,,B,175.3 C,5.95 bar,31.2,2.2,46.34,87.61,87.55,44.0,6.38,5.95 bar,Unidade_A,
446,2026-01-19 13:00:00,M 2,tarde,A,182.9 C,5.95 bar,30.61,4.17,53.66,84.85,84.56,42.47,8.1,5.95 bar,Unidade_A,
447,19-01-2026 14:00,Maquina 3, Noite,C,182.7 C,6.05 bar,26.08,3.8,53.51,81.84,82.0,29.71,5.5,6.05 bar,Unidade_A,
448,2026/01/19 15:00,m2,Manha ,Peca B,180.1 C,6.38 bar,35.18,2.29,49.9,90.72,90.82,42.72,3.93,6.38 bar,Unidade_A,
449,19/01/2026 16:00,M1,Tarde,Peca C,176.8 C,96.0 psi,31.19,,53.41,89.02,89.28,44.57,3.75,96.0 psi,Unidade_A,
450,2026-01-19 17:00:00,M-2,manha,Peça B,184.5 C,6.00 bar,34.22,3.08,,92.55,92.51,43.78,8.49,6.00 bar,Unidade_A,
451,19-01-2026 18:00,Maquina 1, manhã,A,177.8 C,6.37 bar,39.08,3.81,63.0,94.34,94.32,41.59,6.89,6.37 bar,Unidade_A,
452,2026/01/19 19:00,M 3,manha,C,355.9 F,"5,68 bar",30.94,3.43,54.11,87.96,87.99,48.57,6.09,"5,68 bar",Unidade_A,
453,19/01/2026 20:00,M 2,MANHA,Peça B,181.0 C,6.34 bar,30.74,4.0,58.59,86.5,86.68,43.25,4.98,6.34 bar,Unidade_A,
454,2026-01-19 21:00:00,M-1,noite,Peça B,187.5 C,"5,66 bar",32.36,3.03,50.13,95.15,94.86,43.75,7.1,"5,66 bar",Unidade_A,
455,19-01-2026 22:00,M-1,Manha ,peça a,342.1 F,6.49 bar,34.96,3.11,60.15,92.11,92.25,46.18,7.91,6.49 bar,Unidade_A,
456,,M 1,Tarde ,Peca B,182.8 C,"6,99 bar",30.3,1.93,58.38,87.58,87.58,43.45,5.07,"6,99 bar",Unidade_A,
457,20/01/2026 00:00,Máquina 3,Tarde ,Peca C,172.0 C,"5,95 bar",30.11,4.16,62.79,84.66,84.45,38.41,9.35,"5,95 bar",Unidade_A,
458,2026-01-20 01:00:00,m2,Tarde,Peca B,181.6 C,5.01 bar,35.17,2.93,61.42,87.27,86.85,32.25,8.41,5.01 bar,Unidade_A,
459,20-01-2026 02:00,Máquina 3,tarde,peça a,,5.75 bar,33.14,4.11,60.3,90.57,90.54,40.09,7.6,5.75 bar,Unidade_A,
460,2026/01/20 03:00,Máquina 2,Manha ,B,361.3 F,"6,55 bar",25.87,2.62,54.11,88.45,88.74,45.04,4.7,"6,55 bar",Unidade_A,
461,20/01/2026 04:00,m2,noite,B,181.4 C,6.25 bar,28.32,3.27,57.2,94.21,94.55,40.59,4.98,6.25 bar,Unidade_A,
462,2026-01-20 05:00:00,M 1,NOITE,Peca C,176.2 C,6.11 bar,36.5,3.03,64.57,91.62,91.69,45.2,8.09,6.11 bar,Unidade_A,
463,20-01-2026 06:00,m3,NOITE,A,181.7 C,6.45 bar,33.21,3.45,,91.7,92.09,42.59,6.9,6.45 bar,Unidade_A,
464,2026/01/20 07:00,Maquina 1,tarde,peça a,177.7 C,6.22 bar,29.71,3.06,49.34,83.49,83.48,47.15,5.61,6.22 bar,Unidade_A,
465,20/01/2026 08:00,M-2,Manhã,Peça C,349.8 F,95.0 psi,31.49,2.98,-10.0,85.85,86.04,40.82,6.19,95.0 psi,Unidade_A,
466,2026-01-20 09:00:00,Máquina 2, Noite,B,179.1 C,6.41 bar,32.04,2.73,58.74,92.68,92.59,43.87,4.6,6.41 bar,Unidade_A,
467,20-01-2026 10:00,M 2, manhã,Peca B,181.5 C,6.68 bar,34.21,4.19,47.58,91.82,91.71,44.02,7.19,6.68 bar,Unidade_A,
468,2026/01/20 11:00,M-3, manhã,peça b,351.8 F,,27.93,4.23,54.33,74.73,74.59,48.01,6.32,,Unidade_A,
469,20/01/2026 12:00,M-1,manha,peça a,175.0 C,"6,41 bar",29.48,2.31,54.15,86.31,85.89,35.17,5.77,"6,41 bar",Unidade_A,
470,2026-01-20 13:00:00,Máquina 2,noite,B,173.7 C,5.86 bar,32.82,3.52,35.06,92.95,93.21,40.17,7.32,5.86 bar,Unidade_A,
471,20-01-2026 14:00,M 2,tarde,A,182.5 C,"5,73 bar",31.7,2.67,53.02,83.97,83.84,45.39,5.45,"5,73 bar",Unidade_A,
472,2026/01/20 15:00,M 2,Noite,A,183.2 C,6.77 bar,33.72,2.38,53.58,96.52,96.36,48.18,5.38,6.77 bar,Unidade_A,
473,20/01/2026 16:00,Máquina 1,Noite,peça b,180.2 C,88.4 psi,28.31,3.47,,78.76,78.52,42.96,5.62,88.4 psi,Unidade_A,
474,2026-01-20 17:00:00,Máquina 1,manha,Peca B,183.8 C,6.36 bar,33.07,1.69,67.74,92.36,92.32,,6.43,6.36 bar,Unidade_A,
475,20-01-2026 18:00,, Noite,Peca C,179.4 C,"6,06 bar",35.27,3.4,44.06,91.01,91.36,,7.07,"6,06 bar",Unidade_A,
476,,M 1,Tarde,A,181.0 C,5.74 bar,33.46,2.64,47.58,83.51,83.93,45.47,5.69,5.74 bar,Unidade_A,
477,20/01/2026 20:00,M2,TARDE,Peça A,359.6 F,6.00 bar,32.42,3.01,31.49,90.12,89.79,40.56,6.0,6.00 bar,Unidade_A,
478,2026-01-20 21:00:00,Maquina 2,MANHA,peça c,,96.4 psi,31.71,3.42,50.67,92.31,92.24,43.32,5.27,96.4 psi,Unidade_A,
479,20-01-2026 22:00,M2,noite,peça a,177.8 C,6.25 bar,29.5,3.53,51.44,89.43,89.22,46.72,5.39,6.25 bar,Unidade_A,
480,2026/01/20 23:00,Maquina 2, manhã,Peça A,191.6 C,5.23 bar,31.78,2.61,50.41,94.83,95.03,49.56,8.66,5.23 bar,Unidade_A,
481,21/01/2026 00:00,M-2,Manhã,peça a,178.2 C,5.90 bar,35.78,3.62,64.97,89.79,89.85,44.97,6.57,5.90 bar,Unidade_A,
482,2026-01-21 01:00:00,m1,Tarde ,Peca B,175.7 C,6.80 bar,31.64,2.87,62.75,82.02,81.9,42.18,5.04,6.80 bar,Unidade_A,
483,21-01-2026 02:00,M 2,Manha ,Peca C,182.7 C,5.90 bar,29.33,2.33,55.7,89.81,89.82,41.78,,5.90 bar,Unidade_A,
484,2026/01/21 03:00,Máquina 1,manha,peça b,180.3 C,5.19 bar,30.52,2.69,,93.83,93.74,44.23,5.2,5.19 bar,Unidade_A,
485,21/01/2026 04:00,Maquina 1,Tarde ,Peça B,172.0 C,6.85 bar,32.6,3.7,64.24,90.55,90.87,,7.49,6.85 bar,Unidade_A,
486,2026-01-21 05:00:00,M 2,tarde,Peça A,186.1 C,6.31 bar,30.88,,54.82,83.53,83.64,42.76,9.15,6.31 bar,Unidade_A,
487,sem data,M2, Noite,Peca A,356.1 F,"5,97 bar",33.46,3.62,47.64,83.52,83.65,37.77,,"5,97 bar",Unidade_A,
488,2026/01/21 07:00,Maquina 1,Manhã,peça b,173.4 C,84.6 psi,33.57,2.03,39.55,87.09,86.56,47.19,7.22,84.6 psi,Unidade_A,
489,21/01/2026 08:00,M2,Noite,Peça A,186.4 C,6.49 bar,34.67,3.47,51.03,85.08,85.06,37.44,7.38,6.49 bar,Unidade_A,
490,2026-01-21 09:00:00,m2,TARDE,Peca A,183.6 C,5.76 bar,36.27,3.7,61.79,91.08,91.49,40.27,6.94,5.76 bar,Unidade_A,
491,21-01-2026 10:00,m2,Tarde ,Peca A,174.2 C,6.52 bar,34.99,3.62,75.49,90.23,90.49,42.39,6.74,6.52 bar,Unidade_A,
492,2026/01/21 11:00,,Tarde,peça a,,"6,24 bar",29.2,3.66,55.55,87.17,86.8,49.96,8.11,"6,24 bar",Unidade_A,
493,21/01/2026 12:00,Maquina 2,Tarde ,Peca B,,6.11 bar,29.29,3.39,48.11,89.83,89.76,40.31,6.33,6.11 bar,Unidade_A,
494,2026-01-21 13:00:00,Máquina 1, Noite,Peça B,178.9 C,6.07 bar,31.77,2.75,,89.28,89.04,39.34,3.73,6.07 bar,Unidade_A,
495,21-01-2026 14:00,M-3,MANHA,peça a,189.5 C,85.9 psi,30.65,3.15,59.97,87.51,87.85,39.8,7.33,85.9 psi,Unidade_A,
496,2026/01/21 15:00,M 2, manhã,B,358.3 F,93.8 psi,28.59,1.92,39.12,88.62,88.67,48.64,4.12,93.8 psi,Unidade_A,
497,21/01/2026 16:00,M-2,Tarde ,peça b,180.4 C,81.4 psi,30.67,3.37,59.95,78.79,78.63,30.75,,81.4 psi,Unidade_A,
498,2026-01-21 17:00:00,M2,Noite,Peca B,177.2 C,5.27 bar,30.58,3.27,62.36,85.13,85.13,37.99,7.02,5.27 bar,Unidade_A,
499,21-01-2026 18:00,M1, manhã,Peca C,181.9 C,"6,28 bar",29.98,3.16,,91.27,90.75,52.93,5.38,"6,28 bar",Unidade_A,
500,2026/01/21 19:00,M2,TARDE,Peça A,182.9 C,"6,28 bar",31.05,2.28,53.02,89.92,89.7,44.36,5.91,"6,28 bar",Unidade_A,
501,21/01/2026 20:00,M-2,Noite,Peça C,357.0 F,6.22 bar,35.54,3.57,60.08,90.29,90.3,37.58,5.76,6.22 bar,Unidade_A,
502,2026-01-21 21:00:00,M-3,NOITE,Peca A,177.6 C,6.18 bar,32.6,4.89,56.54,89.09,89.26,41.83,4.38,6.18 bar,Unidade_A,
503,21-01-2026 22:00,M 3,NOITE,peça a,182.1 C,5.86 bar,39.42,3.6,48.0,92.03,91.64,42.27,5.57,5.86 bar,Unidade_A,
504,2026/01/21 23:00,M2,Tarde ,Peca A,356.3 F,6.35 bar,32.51,3.11,71.65,90.76,90.68,45.38,6.89,6.35 bar,Unidade_A,
505,22/01/2026 00:00,m2,Tarde ,B,173.8 C,5.98 bar,31.13,3.35,51.83,92.14,92.35,49.36,5.3,5.98 bar,Unidade_A,
506,2026-01-22 01:00:00,M 3,MANHA,peça a,174.1 C,5.78 bar,32.01,4.87,61.98,87.61,87.32,43.55,8.34,5.78 bar,Unidade_A,
507,22-01-2026 02:00,M1,noite,Peça A,181.8 C,"5,86 bar",32.77,2.13,33.23,89.65,89.7,39.84,6.17,"5,86 bar",Unidade_A,
508,2026/01/22 03:00,M-3,Manhã,peça b,168.5 C,6.91 bar,33.31,3.68,66.49,87.34,87.35,45.15,8.16,6.91 bar,Unidade_A,
509,22/01/2026 04:00,m2,Noite,peça a,358.7 F,"5,22 bar",38.23,2.63,68.22,89.24,89.59,39.21,5.96,"5,22 bar",Unidade_A,
510,2026-01-22 05:00:00,Maquina 1,TARDE,Peça A,176.6 C,6.22 bar,29.46,2.44,,86.98,86.94,37.87,4.44,6.22 bar,Unidade_A,ruido no sensor
511,22-01-2026 06:00,M 1,Tarde ,Peca A,185.5 C,"5,24 bar",34.58,2.77,60.03,87.22,87.18,34.96,8.47,"5,24 bar",Unidade_A,
512,2026/01/22 07:00,m3,Tarde,A,179.0 C,5.95 bar,32.62,4.43,60.03,88.0,88.17,35.74,6.56,5.95 bar,Unidade_A,
513,22/01/2026 08:00,M-1,TARDE,Peca A,182.3 C,"5,80 bar",27.29,,,85.71,85.45,38.41,6.43,"5,80 bar",Unidade_A,
514,2026-01-22 09:00:00,M-1,NOITE,Peca A,177.0 C,5.06 bar,34.31,3.09,,86.83,86.79,37.29,7.86,5.06 bar,Unidade_A,
515,22-01-2026 10:00,,Tarde,Peça A,179.6 C,6.18 bar,35.8,2.56,47.72,89.81,89.72,43.25,5.55,6.18 bar,Unidade_A,
516,2026/01/22 11:00,M 1,Tarde,Peça B,182.7 C,84.5 psi,29.43,4.42,49.52,84.89,84.86,200.0,5.93,84.5 psi,Unidade_A,
517,22/01/2026 12:00,M1,manha,Peca C,176.7 C,73.3 psi,31.97,2.52,65.14,79.21,79.38,29.43,5.67,73.3 psi,Unidade_A,
518,2026-01-22 13:00:00,M-2,TARDE,B,365.9 F,6.38 bar,26.82,2.78,63.77,87.0,87.12,37.82,7.21,6.38 bar,Unidade_A,
519,22-01-2026 14:00,Máquina 1,tarde,B,174.0 C,6.65 bar,28.22,1.65,48.64,85.65,85.5,,5.04,6.65 bar,Unidade_A,
520,2026/01/22 15:00,M3, manhã,peça c,183.0 C,6.67 bar,35.14,4.46,48.4,92.59,92.62,39.58,4.76,6.67 bar,Unidade_A,
276,2026/01/12 11:00,M 1,manha,Peca B,177.4 C,6.16 bar,31.68,1.04,58.62,86.19,86.22,43.0,4.75,6.16 bar,Unidade_A,
94,2026-01-04 21:00:00,M-1,Noite,Peca B,179.4 C,6.15 bar,29.52,2.83,43.1,91.51,91.74,41.47,2.77,6.15 bar,Unidade_A,
7,01-01-2026 06:00,,NOITE,Peca A,187.5 C,6.30 bar,32.6,2.79,40.17,85.94,86.25,46.04,,6.30 bar,Unidade_A,
168,2026/01/07 23:00,M-3,noite,Peca B,182.7 C,6.20 bar,31.49,2.67,59.02,85.63,85.92,39.28,5.23,6.20 bar,Unidade_A,
91,04-01-2026 18:00,Máquina 1,Tarde ,Peca C,180.4 C,87.7 psi,28.83,3.49,150.0,86.85,87.09,,5.74,87.7 psi,Unidade_A,
514,2026-01-22 09:00:00,M-1,NOITE,Peca A,177.0 C,5.06 bar,34.31,3.09,,86.83,86.79,37.29,7.86,5.06 bar,Unidade_A,
363,16-01-2026 02:00,m1,,C,erro,88.9 psi,28.18,2.84,59.65,84.13,83.86,43.72,,88.9 psi,Unidade_A,
229,10/01/2026 12:00,M2, Noite,peça b,178.0 C,5.17 bar,30.27,9.38,57.12,85.04,85.18,43.63,21.5,5.17 bar,Unidade_A,
193,09/01/2026 00:00,M-1,Noite,Peca A,,"5,42 bar",27.14,2.68,51.63,89.64,89.67,42.17,4.59,"5,42 bar",Unidade_A,
483,21-01-2026 02:00,M 2,Manha ,Peca C,182.7 C,5.90 bar,29.33,2.33,55.7,89.81,89.82,41.78,,5.90 bar,Unidade_A,
219,10-01-2026 02:00,m3,Tarde ,Peça B,177.4 C,94.1 psi,33.4,3.26,69.04,88.06,88.15,42.12,5.93,94.1 psi,Unidade_A,
181,08/01/2026 12:00,M 3,MANHA,peça a,175.9 C,6.04 bar,29.44,3.62,58.38,86.52,86.76,40.23,6.36,6.04 bar,Unidade_A,
308,2026/01/13 19:00,Maquina 2,manha,Peça A,188.3 C,82.5 psi,36.59,2.82,,95.31,95.22,36.44,,82.5 psi,Unidade_A,
509,22/01/2026 04:00,m2,Noite,peça a,358.7 F,"5,22 bar",38.23,2.63,68.22,89.24,89.59,39.21,5.96,"5,22 bar",Unidade_A,
11,01-01-2026 10:00,M 1,tarde,Peca B,,"6,35 bar",38.82,3.6,60.81,95.76,96.13,46.07,5.34,"6,35 bar",Unidade_A,
382,2026-01-16 21:00:00,Máquina 3,Manhã,peça b,186.9 C,85.2 psi,35.8,2.63,52.7,94.28,94.11,46.34,7.77,85.2 psi,Unidade_A,
372,2026/01/16 11:00,m1, Noite,C,175.1 C,6.71 bar,34.61,,56.97,89.67,89.59,38.39,5.46,6.71 bar,Unidade_A,
31,02-01-2026 06:00,M-2,Tarde,peça c,172.7 C,5.85 bar,29.5,3.3,61.54,85.73,85.9,40.42,4.92,5.85 bar,Unidade_A,
495,21-01-2026 14:00,M-3,MANHA,peça a,189.5 C,85.9 psi,30.65,3.15,59.97,87.51,87.85,39.8,7.33,85.9 psi,Unidade_A,
138,2026-01-06 17:00:00,M-2,MANHA,,171.7 C,6.23 bar,32.44,3.94,68.9,88.37,88.32,-5.0,7.05,6.23 bar,Unidade_A,
156,2026/01/07 11:00,M-2,TARDE,Peça A,342.4 F,5.16 bar,32.2,3.5,50.53,89.94,89.54,40.45,6.78,5.16 bar,Unidade_A,
85,04/01/2026 12:00,M1,noite,Peca A,177.4 C,,36.34,2.38,45.55,95.09,95.02,47.56,5.49,,Unidade_A,
118,2026-01-05 21:00:00,M2,tarde,peça a,185.4 C,5.64 bar,33.53,3.02,59.0,89.3,89.34,42.9,7.65,5.64 bar,Unidade_A,
173,08/01/2026 04:00,M-1,manha,,172.1 C,"6,58 bar",37.18,1.89,58.78,89.48,89.61,38.54,6.55,"6,58 bar",Unidade_A,
324,2026/01/14 11:00,M 2,TARDE,peça a,173.0 C,6.22 bar,35.42,3.83,60.99,91.94,92.06,37.92,7.27,6.22 bar,Unidade_A,
